Theta, Alpha, Low_beta, High_beta, Gamma, Channel
91.3681334927608,35.5980086276532,20.8486476791362,13.2089192007089,9.07874947450483,84.6584399544724,30.1925389320619,13.998557644904,6.98511755970451,1.82463999444421,100.084833973829,39.3575029021178,23.4614786042407,12.9795283417918,12.200320490485,88.0050760817311,30.4489953290112,15.4286892332733,6.68384267872889,2.54760549428799,89.8027451401919,34.8746959302884,17.9202559386006,10.5847082018177,3.38623164998541,Neutral
5.87023669858866,2.95332443642918,1.38153904907008,0.975740119638298,0.647379054774386,2.53224215598305,2.09471956078183,0.986876296229098,0.779761361853238,0.523869748325519,1.48488980107813,3.28646720274448,5.29774056123238,2.64619156532006,7.39898020199728,2.7104989892288,2.59952789092024,2.47879684398449,0.491876187673295,0.585080629768866,1.20520344531975,2.48549032354167,1.34409289162245,2.40807380149912,2.00806538176056,Neutral
5.38083793318475,3.68788918395398,1.16225352284888,1.03055058824178,0.518161594048398,2.76368804696503,2.1009478738998,0.427287460679839,0.534734376024438,0.663511659000557,1.85694285106732,4.16578350395066,5.59067165452714,3.07055266056626,5.58326106849325,4.02655507617151,2.74053588450252,3.06073017839036,0.729384774562906,0.652411293817807,2.75342346520857,2.78018694428364,1.39712007312146,1.91521912248837,2.17259533582362,Neutral
2.66915019648378,2.87427276610569,0.877093004059171,1.13022532858722,0.601347567392406,1.68695392227151,1.58181826800694,0.624021038528265,0.816603298746359,0.768858046754392,1.29413155904914,3.11623321568026,4.19998959944784,4.6486294157953,6.61449973325457,4.90701613615303,3.01576774377754,1.73019727505594,0.948156817629222,1.09866556846,3.33037543517957,3.66373505894213,2.64851247942288,2.18146510128063,2.03430921889967,Neutral
2.66915019648378,2.87427276610569,0.877093004059171,1.13022532858722,0.601347567392406,1.68695392227151,1.58181826800694,0.624021038528265,0.816603298746359,0.768858046754392,1.29413155904914,3.11623321568026,4.19998959944784,4.6486294157953,6.61449973325457,4.90701613615303,3.01576774377754,1.73019727505594,0.948156817629222,1.09866556846,3.33037543517957,3.66373505894213,2.64851247942288,2.18146510128063,2.03430921889967,Neutral
2.28449822748311,1.07454616223103,1.42076110739746,1.01466623500756,0.538659839455673,3.06124077535002,1.43036068051879,1.14694318143522,1.12870669405223,0.810910238964265,0.897803170494534,2.08224625518642,2.46792665067529,4.29814931229277,6.65223437053221,5.15387023450921,2.38100055297853,1.27272472166736,1.16205238385168,0.871201233628066,3.15324735947638,2.66655421999593,1.68027746866004,3.60217879606176,2.05207678532471,Neutral
3.84346421898287,1.76786484465401,2.74436424282683,0.821834935425692,0.42990160459235,2.81259659267008,0.894025085045222,1.22879173870705,1.01135817994506,0.635764620382596,0.884545206254966,2.70390956347773,3.09363238540483,5.67325179105699,4.86692484066793,3.51347947752441,2.47997849125588,2.24595660157644,1.06747428257477,0.722190068662642,2.13049673869091,1.3095151648633,0.762069331812806,4.46098198633349,1.82094918602368,Neutral
6.38940234350339,2.81577977879005,2.03802904653441,0.766293634151559,0.516839414974123,1.59788041385157,1.4186953489477,1.91494727314571,0.8092413458737,0.508539953275079,1.768809637524,2.45828040883002,4.07838410025119,6.08591695757559,5.12807068709975,3.09732843746742,2.15016828320872,2.92010158029145,0.871984515500997,0.526205680089724,1.9236422555248,1.83040306134215,1.17529117767768,3.44530012809217,1.35535729843062,Neutral
5.85240631844052,2.38070198104374,2.58278863199711,1.30294947975109,0.555964437712939,1.71705738992083,1.48226767036996,1.91118735151396,0.872220743617937,0.473721638648419,1.85956920039105,1.81841588837846,4.34107872599581,4.71188822361413,5.51042908941181,4.46219843530517,2.1487337145938,3.4026521433856,0.892252959632322,0.500139049300065,2.04157814067201,2.11937735258516,1.81369521010264,2.70241766518826,1.66152632634826,Neutral
4.7878502521417,1.70333209159317,2.92600267431413,1.41810330901852,0.72224261304283,2.19917646382532,0.998586188398341,1.35108648083812,0.837959093089674,0.340682169447387,1.69181990468656,1.16726839908965,3.26379855270958,3.10071348960089,8.73650301980642,5.24437465937912,1.592797034058,1.94378446991909,0.899132454574372,0.548411719649637,2.17754767711521,2.05512811009217,2.67111383154302,3.02211255403387,1.98159566635942,Neutral
4.95374813138534,1.13310057867578,1.81755797183761,1.26115850791823,0.570195448861566,2.25240707272501,1.12074764736122,1.54747899224476,0.780104898620105,0.285046226165288,1.68250599989958,0.892469254888851,3.29867119631687,2.6635340495014,8.29225179943356,3.43416008843213,1.33290402531478,1.40328570420195,1.1273231954536,0.56877188776266,2.92535876802949,1.29971849862838,1.48550829079887,4.0025276319449,1.82806032197628,Neutral
2.36999772350709,1.16128390814388,1.94937564582036,0.972870817326005,0.374269279173914,1.54580764546545,1.56419491473488,2.00612710455354,0.903046521179985,0.276156095184182,2.94948388553452,1.68103910171248,6.1372101771933,3.76250702291265,5.3140540508366,0.973271841613784,0.723091166685651,1.2421415581162,1.0296208091265,0.62433936861153,3.00488346121959,2.71273413039015,0.873762451500298,3.26602539902952,1.55841791637638,Neutral
1.68882071564976,2.08233218387897,2.22171754255372,0.869285329246669,0.591516608145234,1.75589777771587,2.69277917835065,3.5372991018557,1.19031953729018,0.395745089248073,1.60229633249855,1.24558262069869,5.36465991757503,4.23164000130533,5.94085835150929,1.0381780035378,1.77514788691923,1.56245560496265,0.936987490659339,0.59609029252215,2.2014976480829,2.81093553674433,1.2076955733496,2.73139762537926,2.31419443937036,Neutral
4.4263496581149,2.35046407656454,1.48276581236808,1.19961359702507,0.815108240419274,1.89466843086092,2.31935576324527,3.80499920257632,1.23008184718792,0.590841699009184,1.13223454497806,2.08848529626775,3.47972173637152,4.79474289950751,5.92621174176159,1.9754381251006,2.48326595049632,2.09534532175151,1.10769946596076,0.711669437598399,2.68172637441203,1.41690382094521,0.713777212296859,3.52343014399513,2.04515817260663,Neutral
4.43927712653354,2.91802794761502,2.06284780807336,1.59567623069402,0.81439128086156,2.16464985329578,3.27138341760499,2.18713099853674,1.2109412377636,0.585239862776682,0.861646467520977,2.91629669890307,3.2857423724255,4.92140291265601,5.11329709670457,2.3892609142819,4.80949083948423,3.01209058973893,1.71038194817484,0.70000738028385,2.2324312247821,2.29507049878539,1.47616315424493,4.65195126796137,1.54275189103496,Neutral
1.91076373371596,3.3419344803007,5.00325904193269,1.34147001759423,0.628671987094528,1.25592517689122,3.66033224602272,3.37107912296077,1.04247469063132,0.690365901515927,0.804363007088085,2.7466694024614,4.24013678263573,3.85554358857695,5.10193173364648,1.65416074455297,4.76452687256683,3.90865791211844,1.55638819938385,0.540732773693673,1.9447023085111,2.93394017531338,2.64059140036617,4.21378621219281,2.10913543500738,Neutral
1.41284071865918,1.92251738205092,2.91963875898593,0.995490794895883,0.433986738360072,1.3965749633731,2.29063560821239,2.66106881545462,0.912327996773533,0.6788355366526,0.876065433620108,2.3160401288284,5.20604390294548,3.20408507449525,6.78874541394279,0.932975714607452,3.11210556895153,2.24962553246683,1.02496827572964,0.828241718173048,1.67582607910714,1.33874164794975,2.15029014080223,2.09487411447626,2.45114161066263,Neutral
2.47600587985897,2.50329924328849,2.57001459465612,0.554508746635887,0.469149799722887,2.29698754714267,2.33223320793445,2.30349633039671,0.77151786982237,0.765362914857113,0.886525959778321,2.00610003378176,3.94893110546896,3.3112628207194,7.76882269177301,1.72055070644509,4.00839421139461,3.79094568782027,0.879725251419186,0.943842359888307,2.084120305451,1.04482428807187,1.0362215014338,2.33799869356151,1.76874444340546,Neutral
4.67604085896274,3.30890350616671,2.03308535188898,0.572503801169615,0.627727424550613,2.97479576903842,2.13021729327941,1.45158685449497,0.629815615664834,0.746537463767393,1.3426082114277,2.54900636824437,3.87056071095363,5.11458401243908,5.71665149888118,3.29309612771886,3.52706319396307,3.24236678780512,1.14029123569585,0.710228975627983,2.92453901460718,2.44853964720865,1.97430445487892,3.12258894126289,1.49033419080502,Neutral
5.79219542381433,3.20597053210429,0.766145498782943,0.725829298610638,0.560591283338834,2.77368724875043,1.33301644439375,0.682628437696845,0.476404752749335,0.596035690979391,1.04378802977257,2.43558502503102,3.45323750436422,4.01864949550168,5.48479990892199,3.40980668833066,1.49514457381559,0.834131398529188,1.03012970076704,0.534504116147643,4.12862197186619,2.77363133878345,2.92493778014049,2.73686746184363,1.31196910237393,Neutral
4.23662080497817,2.1069672262839,1.42226397182282,1.1019242068976,0.565616641584305,1.60118801260623,1.34521560399906,1.22537973072939,0.722719871880667,0.417741482726768,0.756991490335491,0.676339689897165,3.35670981159006,3.39756850535211,4.61344834316262,3.83493117838381,1.41216367689825,1.57526191803974,0.871157392350245,0.457430515380443,2.88743406956506,2.1221580398695,2.76034609163057,2.76926441385065,1.11264743943353,Neutral
2.63099496344911,3.34698189049361,2.58590718495365,1.64284861010112,0.761519380822374,1.06252619322397,2.53934433728118,1.80179926065459,1.23143518874308,0.392935719087838,0.98469701457334,1.42981449783486,6.14783252289376,3.00402419616581,5.05526739609545,4.06367129031292,2.75885985815179,2.88063847489282,1.14509227618419,0.450718266092822,3.26228743450582,2.36405200534926,1.53054841330202,2.71060168747638,1.63682588532489,Neutral
3.23675410042886,2.32013476903952,2.28098181828241,1.70190364455911,0.73467477244679,1.77900969048921,2.98480831100646,1.05968768333964,1.45495638878066,0.45036968065453,0.392956115612482,2.47290743982279,5.02284865899044,2.51575891391798,5.98728345762286,2.8285674236422,2.7481065381553,2.02778935283434,1.73981835169174,0.712156095928611,2.84338834564713,2.71931198672345,0.82743588655004,2.14613717316292,1.92195203234572,Neutral
2.71287928073763,1.82929556057227,1.69055678753554,1.39723860463139,0.509806714682464,0.955203541029176,2.52327286722855,0.738723021222343,1.10697493224622,0.442856173270786,0.719604773275995,4.0006652638624,4.5917329339397,4.78819014187382,5.8605292408557,0.868351010633507,2.0083851888051,1.55062200442129,1.54269270750338,0.628428084076348,1.15013206873669,3.79009828976682,0.581659919364467,3.10543657553282,2.40012377242704,Neutral
1.8936772546333,2.23302154618106,1.99175098084704,1.2978282996066,0.511801150540481,1.11785412019807,2.0340611443355,0.593862167261339,0.484834776631747,0.534290754601675,0.867632970293849,4.32261239007613,4.50688456322967,5.45045722380937,6.45114080849207,0.687577104389687,0.627751332587733,1.09044268126392,1.45196924474075,0.341900504107892,2.08936271328262,2.18461112640178,0.592144186430822,3.08188073245291,1.92575840237042,Neutral
1.80196190202637,2.47676880922146,1.52988518104579,0.808246368867962,0.59486293702402,1.3111868294061,1.49017584830244,1.4648607640008,0.590276059772441,0.367502674276037,0.488052992766692,1.82367259613621,2.5823223652567,4.28560717545674,6.21545189964547,2.06661729564779,1.03604918852567,0.948168715149134,1.13825861536852,0.396901880728666,2.42858087066431,0.966316767367108,0.53515249320996,2.86843163462702,1.6678565492234,Neutral
2.77210849123242,2.63730473491154,0.671060591894621,0.659968531866213,0.599891629739722,2.09638341136743,2.02149200796953,1.3391132697859,0.786165659216175,0.36094662491522,0.314736817936692,1.60757131081032,2.34111587934716,5.6226124580205,5.28952833700791,3.67332164068908,2.16153497859054,1.09144952068744,0.994726491361919,0.62651575954448,1.81405078183428,1.09130034128841,0.857910312642063,3.28971530155938,1.58935444993079,Neutral
2.79539203393111,3.96471296395204,1.68097357179981,0.98728553993119,0.592657310959783,2.89097654332969,2.95189664817976,1.67488118273994,0.683340659678034,0.299011351452795,1.06513513951746,2.0002167233738,2.38043764829416,3.34007496239376,6.90777157010732,2.92094812343254,2.86416992996406,1.16338237926572,0.949813616189161,0.634260456204177,1.8235718332064,1.70522548801965,0.75284050412695,3.91585659556603,1.38991234611512,Neutral
1.48657015666822,2.13480403891829,2.07023695219997,0.952048634189964,0.630917883751479,3.74968599911979,1.78301486863364,1.53824897622956,0.677958204950179,0.203204677840102,2.4952533297825,2.26378058488689,2.41783001581039,1.8479321858145,6.03961021213904,3.35440245795687,2.9752121259154,1.50013123651822,0.963194521576459,0.646590859811195,3.73502761405355,1.59825467527286,0.694705066824439,3.43061877382113,1.28972991341447,Neutral
1.93842644866046,1.35899774232665,1.3816300729445,0.854853841726612,0.612991849129986,4.80547024490761,1.83117387825341,1.25502558041041,1.04788269435055,0.246325948796306,1.95584679644884,2.28019404771651,2.89284775878824,2.10055425823653,6.03785990728839,2.87191328507445,3.0317974210726,2.10346944959608,1.69538014498845,0.61397053347952,3.98009373594779,1.32441129286587,1.64763344649357,2.20377773695443,1.57063787665626,Neutral
4.16253064848938,2.62580313594568,1.72742667366039,0.754148674861237,0.536443236719847,2.41213087146462,2.78311825912357,1.8992933618535,0.826100701995868,0.318050158887504,1.48106125463599,5.16711168336275,2.96802132369392,2.29013899360937,6.51995213973609,2.82826520688548,3.82382431670481,2.5940441809364,1.61488313412881,0.753493025976692,3.23098042124361,1.61313239946967,1.67402143848776,2.68204874810761,2.205617378276,Neutral
2.16626214704395,2.40249316087719,1.47701704434257,0.94203078933347,0.40543580316067,1.65149603223433,2.7401570531154,1.54413913657835,0.524959518883686,0.498397754821323,0.78391219203442,4.06149272589309,2.57798627433594,3.15638563363663,9.55115590709769,1.36071928513042,2.39548633908199,2.41761873413056,0.715568643689919,0.753834976369485,5.17709527775806,1.64076368653167,1.7159179541209,4.40731504282047,2.28524697478343,Neutral
2.12303305574914,1.2826512670181,1.34603411334456,1.28285328558592,0.552816546002215,1.40550505270681,1.41152342319441,1.00804674768504,0.576825327959589,0.495861727831794,1.09910770605348,2.26405243592993,5.02946633017039,2.76560551275888,10.5938449658335,1.2976631529045,1.43242462491554,3.42793476298736,0.91788286652385,0.635131257141601,4.07157957137213,1.3922789526597,2.15835806519494,3.70237231552469,2.15517573663486,Neutral
1.85105537629384,0.726790806951011,0.743663432059859,0.90389759149318,0.757037666715453,1.67123856784692,2.23681429272882,1.01204458164174,0.68189855248518,0.519689805395572,0.870093648558362,2.34637375948103,7.09535567471985,4.42783417392006,8.0290741748294,2.93939747219851,4.60657802533762,3.66439023424107,1.29935895310295,0.58712386469869,3.48997508733873,1.16988118110987,1.51702351640289,3.80599659174723,1.48417215366408,Neutral
15.3416998508437,3.00328988508969,0.6715186519306,0.711299786651284,0.799497684787345,14.0216479616568,3.65813493855257,1.254808458461,1.17045055868193,0.662993702320421,0.619730428635012,3.21017816714305,3.00933755177874,5.3666120104313,6.35697373818083,4.76777381070967,9.3447290692529,3.08885010762969,1.42140610270951,0.627918074987748,2.23875058484815,1.35494488264402,0.926348610329627,3.79277875975833,1.17887757974677,Neutral
25.99628979295,3.65088381288936,2.1355786347298,1.0376872461364,0.625385848196489,22.6637250901053,3.41933838037819,2.34435211601653,1.40271060638812,0.754762869613934,0.453491322155981,1.39826060590487,2.36125420470477,3.57611811903197,5.3054464002434,5.85434706615489,5.91213595149397,3.25754747813627,0.914898466136766,0.638532549328464,3.45944072486463,1.38948505662269,0.926784039206416,2.76329470779952,1.47675874844348,Neutral
9.29624085627017,1.44058040677705,3.36364228273788,1.61152305353228,0.581303611643057,6.22764755952094,1.51846301899547,2.82588643725714,1.72681076856511,0.936557324123966,0.734728773689898,2.62440301127594,5.65980786389965,4.80648230735134,6.76500469213673,4.81273741886751,2.69190179351995,2.48793163090311,0.679614143698109,0.859015860985156,4.66946188432881,1.18495539476733,0.807305127220247,2.73251912693147,1.77620725828426,Neutral
4.31662191888768,2.50407499897791,2.71853828410644,1.56944032219632,0.56487672996512,1.93707008723499,1.07787862839871,2.00300416580355,1.10246925037806,0.727051054248697,1.50148381185765,2.34723944848847,6.90205952268378,5.42308110871135,6.49796864762463,4.37665510107195,1.87728677129693,1.74007568852088,1.06203087421872,0.868227316787302,3.30420006176396,2.37507533151121,1.10755589414146,3.44183405547485,1.41684345630054,Neutral
3.54597415649092,2.87048823159781,1.46268109822845,1.05857454335682,0.589180948221302,1.49673707738752,1.73809663084463,1.43299334810768,0.707233249859144,0.542239868731486,1.46335417422156,1.02352318791799,3.0970273533878,4.4556962116639,6.21260569702938,2.63181411496515,1.36610779272715,1.63735032231886,1.04280100025675,0.832038292221685,1.59324599250278,1.98876753186064,1.43282941627687,3.61234736278987,1.56980177331275,Neutral
4.59275963699937,4.03374564596117,0.955884904853578,0.966461287529346,0.573109348090774,1.127822988082,3.03924443182895,1.34617085990786,0.463505841101228,0.687816527951828,1.43984719629022,1.97840420933583,3.79426804492993,4.13501700640942,6.0303759363256,2.12426176113053,2.66797754861815,1.12023010844837,1.0596145532315,0.764592032004102,1.65813552233932,1.22582032010985,1.17684862362493,3.17923933651565,2.03841689667817,Neutral
5.43435782702716,3.60889180065253,0.655649363694788,1.04016515398481,0.692245046382298,1.503794193798,2.73665410428231,1.5370888783232,0.788154618690306,0.560114956980408,1.36019700939198,1.45928064597405,7.02680987265265,3.7186585267441,5.92228170774339,2.66144489677703,3.80366211894457,1.60386021274947,0.847817839813674,0.63770049377284,3.97341420100549,1.8041576858144,1.04277800067529,2.76941119071974,2.04802252301924,Neutral
6.04969261289952,3.08295823649752,0.711277680589666,1.17803520167176,0.898694026319677,2.94096081601809,2.56554890344722,1.45134102474998,0.962545893883309,0.376541972306004,1.524972228706,2.45230780429721,4.25047105063268,3.89574636444751,5.96283520949837,2.92006900187136,4.43770795989714,1.84866842153967,0.999134043647052,0.60468688263241,4.65177260274472,0.7532934479716,1.19815102207724,2.52483338145285,1.38743334868662,Neutral
2.88072047258386,2.04337212549731,0.978067777368978,0.551204518349398,0.646116439752892,2.06014290364279,1.23468433697258,1.63454255454936,0.848383905638494,0.518326976292869,0.828008588795828,2.03225676456785,3.49703425348005,4.43192010677698,5.70818452390216,1.76754552871612,2.48604750446241,1.91848490425252,1.17492595058005,0.564098951230591,2.41445889346836,1.30236698118453,1.57963012129248,2.80504254412356,1.33018188261923,Neutral
2.79326179816158,2.58073996048575,1.28274070703721,0.575096362661806,0.576106876735464,1.27124562555659,1.29050728744812,2.79759329310338,0.616917563674454,0.646261383470201,0.473235289842705,2.39201264032848,3.26350974269662,3.31153508131187,6.29625853260159,2.80751418554069,2.61884247386005,3.3654996616598,1.02545643133893,0.570266782353325,1.30831522584995,1.805057541004,1.56293199595354,2.69482917970039,1.29690913880781,Neutral
3.64566750389953,2.21082422004403,3.29619942506666,0.674821435587927,0.627380183819832,1.61848433113032,1.59286817040416,3.13169253003435,0.485054893283249,0.743960299704882,1.26147281421357,2.09455740495022,2.50319550765388,4.34478792480865,6.72287881110478,3.56085623308714,5.12135556378282,5.11931470010479,0.831072064515145,0.571836441812336,1.73922132618664,1.07794060054549,1.2252717736319,2.59537544511506,1.479203899628,Neutral
4.9204095640055,2.09471117274867,5.98217377057916,0.661697969841383,0.476292230696185,3.47215302910148,2.51638267029955,3.9303732761864,0.639432268265612,0.628946283457785,0.970553505185282,2.38957892399833,5.41691066375481,3.18967891058636,6.61127336758134,2.39677698913772,5.07741011434042,6.45203777859013,1.2683586201137,0.627960340871431,3.54526092893348,1.5907511541767,1.93042367314232,3.17506173285782,1.63478974231487,Neutral
8.3822477326665,4.72919012857016,4.18963907204088,0.692790273623664,0.565016869581904,4.47919358763509,3.22878524378618,4.61542342860535,0.693449195485741,0.532389565107107,0.602095326522309,2.43794588019261,7.26967120717937,3.10059422870994,7.27953207162293,3.20070568989648,2.02595625598584,4.3939388477471,1.09518074295678,0.56261136549365,2.95223541854894,1.70338980156694,1.67961538606835,4.00041245209101,1.56722522008403,Neutral
8.09599516405149,7.00015865936786,2.90937917023539,0.941558180279809,0.850615579626731,8.79982191742051,3.77621827877259,4.33726598529474,0.536337085744171,0.664150324908049,1.64627717410211,2.3129886797594,3.62558407821263,3.71322622622761,8.29554442014238,3.4579623391313,2.25239077019413,3.46437685640737,0.578175104903656,0.624497543721588,1.57131783248783,2.33305101062681,1.91540304968017,3.18642766526475,1.83090495060812,Neutral
5.48326732234665,3.33615058534665,1.40547278042495,1.14746032926832,0.537933155962238,6.91026184094218,1.42560460076026,1.51928971221687,0.991362928091509,0.469553188104078,2.26036299189817,2.08259330411081,3.71749045118928,3.29453928395071,6.82064581943531,5.39571939689139,2.73379977849699,1.42919455431581,0.772142193674809,0.634871008641542,1.04529014613951,2.13822420728462,2.28570856033401,3.50771089658109,1.74448616242542,Neutral
3.63342017032949,2.17456161598116,1.76017075632529,1.73864451502877,0.578326732981046,2.65952501503438,1.13613723951454,1.91153870585848,1.58021186937928,0.595724556734736,1.05130124907295,1.48901474282273,3.97894888655679,4.98456354316888,6.24370440618894,4.07640249600961,2.21415458849752,1.73730692246443,1.15569795049105,0.783871117921691,1.36168667211912,2.38568186432154,1.59010243293463,4.41567414431577,1.5099336533217,Neutral
3.24526638987963,1.85233327843459,1.03186042913886,1.67845866756095,0.695831841822761,2.37005653969588,1.14395507127579,0.869124280099705,1.32234210842846,0.579257255223863,1.1165079330526,2.31374217874934,4.53754172098753,5.09573850468108,4.72518347970622,2.67352374602024,1.60611104354139,1.46341354464939,1.40147656612095,0.680967024630401,2.10589535432423,2.86717735394321,1.4146383257466,4.77957374477946,1.14886808975465,Neutral
1.40710459469523,2.40611161000349,1.36044262360189,1.32498499140911,0.576719529331635,2.55882928398074,1.48969782885942,1.00412171025587,1.25512048540973,0.53037759742953,1.19361160288831,6.14251107729103,5.00661100632825,3.89020214352752,5.09653840178342,1.69818696074918,0.926201749267014,1.71318393513665,1.85796888087194,0.654497923856034,3.76781596042804,1.70699217350571,1.11220526964565,4.69542873143664,1.66658099652808,Neutral
1.81137721660616,5.43844515636694,1.93510744240532,1.04141833904027,0.463368532405383,1.46667876380105,3.47063306839656,1.71591995232614,1.11196290089592,0.564341884823663,0.740693943333234,5.97321328970486,2.92122706423482,5.90582124111689,5.8299909118719,2.57574084069616,2.38900510067389,1.97806146182082,1.20000196666408,0.565164630826583,5.41543628272121,2.61338342584139,1.02454577471756,3.26956770774887,2.20707518279302,Neutral
3.08047181515482,5.33201717999255,2.58038587819302,0.912409331122524,0.54710393967824,1.19826454039373,2.83868427122841,1.62816168537384,0.788716297369291,0.502838952634559,1.46443566551149,3.23179862289899,4.02809831320701,4.60163180683127,7.85767597611916,2.69450414147365,2.70288941115631,1.93531414852478,0.858793865317237,0.47589470948728,5.2280227131313,2.52854784241039,1.12501512521582,2.38818749590529,1.67015780648921,Neutral
5.45819539952514,3.50603597675198,1.31518535407795,0.603424217317757,0.424379023952779,2.28427138091923,1.82346988593785,1.28929417930317,0.632534404387683,0.417040969149933,1.34945574723537,3.22839422924638,2.86669904393484,4.72501053599,7.81426637244326,2.17022861426669,1.56362218326043,1.58470969731299,0.782306591325855,0.66712764451493,3.5539351775405,2.60438442776921,1.14373327768328,3.23411747529748,1.63291305609251,Neutral
5.32343648154084,4.82539123477186,1.3219909112823,0.492184271102478,0.409120434560097,2.37196966986591,3.80077721285215,1.61917448753567,0.882224784076664,0.559384564120676,1.60117051195312,2.62880073959775,1.53178541369574,3.50730827047662,5.53406978652225,3.07730062397234,1.73016581554504,1.66929103344582,0.603896154310976,0.85111193014213,4.34689350714285,2.92875729247217,1.44707583016652,2.79316545889786,2.66677691442236,Neutral
93.0236961057674,37.6026043499143,21.1188482646659,16.0579117595645,9.1790384263286,95.6347617544143,37.8473883354221,22.1527836957807,11.9274772589974,6.23126961375017,84.0331289906243,40.7000460843612,18.7024869620109,10.1181748762496,3.9698346027265,83.1502621312539,36.5575168493817,18.9546307307764,9.73921588706522,5.70338790886942,85.9964871648383,32.3400581074588,16.751157345315,16.5319959197015,9.84816874530099,Neutral
9.68666131927748,5.4697710941186,9.53993136603318,5.72535537367245,5.75787138796072,6.82265644907814,9.16983389214026,5.4926457709989,3.50221901407424,2.14079718660407,1.01392476072221,3.63917727805574,3.31118832592609,3.47615295674066,1.85919869857753,4.03210559511353,5.9310000651776,4.94057197102024,4.38254660209627,3.04588157786695,1.10989664097893,1.15102722536608,1.49257070134313,9.2767618202122,7.15344944721457,Neutral
13.8059460382278,7.16790239285775,10.8146933299659,3.9394356178205,5.42969016655301,7.0564911388376,8.94716071559039,3.77731415036745,3.88531607221617,3.43996162142339,1.97219602387679,3.47194165122984,2.99635634339656,4.49799711363379,2.30219504976637,5.31464497354637,9.19973375465582,4.76251025968526,5.01231082415848,4.96983768279157,0.826791088732878,1.1669797036553,1.24235474286186,8.7073390840466,6.33387016713296,Neutral
13.8059460382278,7.16790239285775,10.8146933299659,3.9394356178205,5.42969016655301,7.0564911388376,8.94716071559039,3.77731415036745,3.88531607221617,3.43996162142339,1.97219602387679,3.47194165122984,2.99635634339656,4.49799711363379,2.30219504976637,5.31464497354637,9.19973375465582,4.76251025968526,5.01231082415848,4.96983768279157,0.826791088732878,1.1669797036553,1.24235474286186,8.7073390840466,6.33387016713296,Neutral
3.26549879009924,6.47094614563264,12.0571800015339,3.45584170438308,3.4749024722575,7.24940062566177,9.13881506762457,6.1748412447201,3.5720715418409,3.22193852756314,3.68084021135928,2.86161086083776,2.02732025928483,4.64223441516101,2.6670246470466,5.78068702386147,12.7288618386642,3.82135479444064,4.05850010403566,4.21438650181849,0.755799394033637,0.694855602431905,1.0885665038146,9.96545755732333,6.33039087975879,Neutral
11.4487813684122,2.66917857728837,9.42042619060206,5.54086288122969,4.61482594077322,16.6538623350811,8.95212802697456,2.2804720308511,3.12459066104727,2.2078910362101,5.43437637533628,2.82145542171641,1.32406499140049,3.15964529731388,2.69424214260928,8.73249575851501,12.2050640317012,3.86362628286124,4.50236938335963,3.5293135510106,1.0135363706599,0.484731748430024,1.21300530263579,8.43531657590493,6.25244007245438,Neutral
15.9023175277079,3.84197000479185,4.94247843063417,5.68107026275874,4.97054974959796,20.998060323821,12.8232550661103,4.26410076427663,4.63106175307997,4.96838064122109,4.93706491090747,7.74219364588144,3.07875413611766,4.55997873488531,3.96144133854462,7.79095225672028,17.9080336729597,5.7015939298136,6.35164818362156,5.82012544019846,1.30674821472778,1.52032250371995,1.06026150250631,8.54870186867142,6.67106891279278,Neutral
4.539297470096,7.71600317184908,3.48139603142873,4.80666738874139,2.92873816591293,12.089881028624,6.94185392848699,4.94007480571465,5.51327145573291,5.88690091392612,5.35045731887872,10.6225418419131,6.06444848588419,4.64435196177088,4.40466276713059,5.3446281967776,12.7355469763624,4.13136465259679,5.52542815673761,6.646541988661,1.64229057017091,2.06570697110259,1.92914503715553,10.2734350318993,6.52583957595813,Neutral
8.59985209480062,6.55766459068615,3.83299564510127,2.42335256728481,1.80596260530874,8.91924153907425,3.07932252446466,2.1064729148409,4.14145256332266,3.94683004450597,10.8847251976723,7.45322809011974,5.46667530076289,2.32475790128384,3.80626784425952,8.90967907836738,7.45714627255636,1.969511556201,3.55429658569765,3.77349295448834,2.23338326614256,1.36955698652849,2.04100122629935,11.3889667455195,6.30398946880169,Neutral
6.01078385632094,6.06891206843905,8.46894966377175,2.86063820003738,3.29161959324165,7.43654911914111,3.08534620982662,6.1502928980466,6.63567954837767,5.14471503349195,6.45638037017568,5.8129804744986,2.69314936033058,3.49591164024604,3.99204468691102,12.8774286129849,6.12432581834036,2.73717949879282,3.26864820570446,4.35509836462431,1.69018160187834,1.53926904145527,0.590118797087418,13.25659011646,7.12772444899226,Neutral
6.16186074794252,7.47166303886619,11.4070645599143,4.78116882119264,4.67636070094478,8.34988292027512,2.05459061156396,13.1017799282007,10.9477669928363,6.28177026919025,2.08291311504345,2.92857177435289,1.2071532696996,2.87032341271123,3.24489009313411,7.66168241288763,5.65040809760479,2.49159935890787,3.82136618882856,4.58464890421018,1.00357500785257,1.18726899354151,0.455183419668607,10.3942513572988,11.2871528758112,Neutral
6.62609852834521,6.05717795204046,4.8102253539555,6.06079809461758,4.50289114959606,11.8836947788209,3.84156052880033,8.49002641839598,11.5148339830955,4.0648699062288,2.55043358917635,5.39494835965896,3.1213677936538,1.64191488670095,2.79417682789306,7.82839308734892,9.66611913538873,6.11814191108128,5.75409557935314,5.65759744741559,1.72647196981362,1.09328980204209,0.48360922718163,9.81965925303371,9.96016888601631,Neutral
5.29520023730533,8.03239459418659,3.87251774590403,5.17647155833902,3.97445642501881,8.69523787503794,5.25655633488963,4.79619378508976,6.43419294703629,2.51383904344261,5.31990996804254,8.66678934089992,7.28922986741719,2.31549488596327,3.7765195795389,6.66114872470987,6.371861430975,9.99149554279234,5.41143288663958,6.25518770377665,1.88225221272876,1.70538497390397,1.01645767155347,8.60772551211399,7.06751024067013,Neutral
7.18438344526354,7.20329941890585,3.72501595897147,3.97275495049163,3.48862464733439,3.14872484180399,2.28283547750022,4.62995598941349,2.14861403539943,1.79141042538037,5.29709953210495,5.78698723472108,4.12566769492944,2.43079855521992,3.09671881421254,4.09364406465703,2.65151601688088,10.4340206985114,5.48391003325017,5.17639998412825,2.36838033473148,1.64005700012409,1.72645263052018,8.62772696027013,5.83934817650955,Neutral
10.7294410807219,8.61787816492044,3.46723905178438,3.76071708621026,2.75318793379632,4.13107316937215,3.39736588293861,4.48303386180727,3.10618493791188,2.76036255084465,3.38048099413547,5.86165080071951,3.4846214607842,3.6836033244734,3.31300716581494,4.46299566740631,3.51097745323862,5.86495710012115,4.40517852207732,4.94518918977411,3.31307285955772,2.49721090507576,1.56857628110481,9.99382550631753,8.03029224728043,Neutral
8.2294819957298,4.69209157656895,6.35920325889419,2.93157414186931,2.59729825113947,5.75023025824173,4.39946746979077,7.60196004404833,5.84307787793833,2.98672393623054,7.14626103661999,5.51963555158595,4.76339428973719,4.14126824058689,3.41418308815271,5.21387083049326,2.8518365713912,4.5779768055201,3.25685274052749,3.24065453579154,1.96004519198946,2.0967124734669,0.912902704351783,9.24796470646264,8.69113419818863,Neutral
8.35349749141259,7.31327696060887,8.99850941747778,3.34816519596065,4.19405310326911,10.1751404945478,4.45244369217093,6.88554882959846,5.06397301070005,3.51759062027172,4.86142168977138,3.45359938963121,2.96720974059703,4.57973051799881,4.44676614799324,2.43859029667173,2.26627460518311,4.33903737928628,3.10723118758212,1.9219074907899,1.24037966106085,1.42371978562351,1.12555051849433,10.3193410350696,9.47391822705872,Neutral
7.87463411079196,10.8061655174126,10.4289739601594,2.96296428154634,3.72455659334898,8.80917401778351,3.93185947059295,3.76951607516096,5.98077077928028,5.49527979190201,0.79216649289987,2.27180251432848,2.41822790103651,3.44361705964512,3.19141343395314,2.71201837079575,2.0391580509746,7.35182625595293,4.87015901508633,2.31874020745178,2.4586938062469,1.31614567662259,1.13124110697731,12.2596028722566,8.17649641118024,Neutral
3.32955627844702,8.83363005356834,9.05509587356209,2.98022709650486,2.55124846542038,7.94793605974443,7.41174617238845,4.53063467043152,6.01244525980631,4.86048604727652,1.1095680203989,1.5195489214284,5.55614503094429,1.57117516933403,2.55439371719462,3.47735473250386,2.86695168548467,6.39511112000507,6.77853176469062,3.1063748083052,2.04461130168536,1.49600207988999,1.62800313771195,13.0333702263677,6.53583226502031,Neutral
3.11843708843747,10.39933158536,8.91177281459248,3.36538333902027,4.14786770343808,11.6630929045113,5.63765644835949,4.39789682959489,5.96458191130725,3.38985547305088,2.72175660994963,1.08673508017713,8.5974982153682,3.27341301195606,3.6453199319215,4.87330102195178,3.17828334597538,6.27632711808706,5.84818261851369,4.48075350437321,1.18740727578019,2.37510817462119,1.27980029704999,12.1134412430971,5.29175633719062,Neutral
11.7946770660511,11.2954797411309,6.53371726296446,5.43033839265311,5.29568010310046,17.7072776522443,4.61100500922551,3.34691910121766,4.77615150033432,4.29918079937084,2.89080680086892,3.47893422844894,9.3557034329476,6.86219312884221,6.10538380426064,8.65135581017665,4.93573147713115,5.26036505487268,4.07363003060921,3.91061684361729,1.48321770129127,2.27160356824655,1.25521734442895,9.9755066857986,7.35449578304159,Neutral
10.0246303754625,10.4424370035567,5.82522981408481,4.69105331644639,4.61191858390051,10.4772083527174,4.13210460400329,7.82102761061713,6.57878123402191,5.72495259558259,3.25562785755889,5.95789865514518,5.06884194833315,6.81232555867302,7.33484887797549,7.08225428231503,6.07562925646313,5.97539366153434,4.46323424386342,2.92653862189222,2.15731818303269,2.19023192807828,2.03105671388187,10.111826514864,8.65881280143072,Neutral
4.15065779764669,5.44623934651779,4.11106115933254,1.72045103102628,1.98849082454183,5.14889899397668,2.70060562839557,11.8835365185173,4.4454564004651,4.10196596391846,3.44235049234809,5.16033594713518,1.27148673923141,3.28854220324012,4.51456743516226,2.16364108536634,5.48603815289542,5.15627094181228,7.63594819208202,2.90853755444465,2.0612545970621,1.48798362038321,1.74235255186575,10.1542487402778,5.7654797617498,Neutral
4.60908108360861,5.31487027335758,4.2425783604508,4.2926249749944,1.99414640480789,3.34121027335172,3.73187221942635,4.54979122900753,2.86821481536065,2.6324455050924,4.0911636878535,5.09214315048821,2.25233684866043,2.86574622102387,4.3475597456146,3.9280068586288,5.44766873465671,5.32463152109561,6.35196039888104,3.6461458923789,1.738996749545,1.13882801210593,1.9714626159099,12.0321714061894,5.43327486928004,Neutral
8.41568752492897,13.6385746791941,5.03990002496887,5.39822598110144,4.39024915267225,5.83530469776379,5.36412146017609,3.65981219966079,2.36641308675664,2.38246602240027,4.94914799333862,6.55351758763981,1.52779790327225,2.50354833559165,3.39021135677088,4.65209011516087,7.19578489191608,6.37620229063942,5.31776560832716,4.45557246998775,2.70706322178476,2.05686033306636,1.80756622324941,7.81882684122423,7.37019666175856,Neutral
10.1008646115215,12.2019674968151,4.99693332848344,7.50284276477575,7.12364192268292,6.20350882835091,4.13605328282153,5.03514242113206,2.38264171910409,2.67142033200509,4.77006185763651,3.48918228424851,2.15688659928802,1.8130010358966,2.75187519287119,5.32102985094696,6.29478588092406,4.64131314296077,4.67583308957185,2.53131124218786,3.62854819776241,1.79764102471674,1.43644716262956,8.4166220337639,8.25335570895655,Neutral
10.0522665298829,14.1520160858005,6.90954685569439,6.64867706238995,5.83183033474103,5.05525559390544,4.24628966542222,3.967880177743,3.25168824260567,3.33912198957684,2.66371271061498,3.14173027653258,4.53240556625236,2.59604491521155,3.63912430301155,5.30768096058408,8.09766957283152,2.76953740467429,5.22265059336852,2.95412867419226,1.77475441728976,1.64945343416186,2.86948344724982,13.3764181984456,7.06172405897694,Neutral
7.43770216183278,8.05486306983439,4.84374866212813,4.3200376894451,3.94999012032556,3.52808774025914,7.71150731315822,4.63617662549763,4.90600596456091,3.03140042669009,2.40019459141304,3.7829028808996,4.89200712178913,5.03472221606426,3.96634158951604,3.03020103507287,9.77530508679356,1.7284444272665,7.5144521457338,4.09059527108323,1.69479189033301,2.6749867956164,3.59812722845636,10.889302288138,5.81126995610342,Neutral
4.741211171792,7.04854911027683,5.17707198439532,3.99318874777837,3.15895271732151,3.11702419619352,6.55265134405038,3.33020453291632,5.50191672474248,2.88597290876948,2.4320229756539,3.24581112427768,5.15292765767918,3.40240490179634,2.86310950149432,4.93386446603565,11.6788135505407,2.63423931104017,8.33628087536583,4.4936839243128,3.49373957307318,3.26015422477007,1.78839729217696,11.4797090400631,4.53374774696277,Neutral
5.85090514567322,6.55741183049273,3.35019419158464,3.09508485411812,2.96600364906976,2.81781271762587,4.15031575378438,2.88088570552763,5.88939786115284,2.98666045819036,2.4722247608149,2.74226628392106,5.33414357994604,2.52662220765281,2.34519446345852,9.85896144108727,9.32309316209962,4.42445251963991,5.4518381716955,3.28379456487935,3.22664613634306,1.96637756514287,1.36104325663986,9.65827144087822,5.21131082537891,Neutral
8.42353977593868,2.92947624813273,8.42105338031486,3.32057906292684,3.46328714645266,5.71766061013418,3.68928939720879,3.90655198607188,4.4038586726743,3.28949121694006,2.52152908388001,4.34063600241577,4.2424647386303,2.96929468619883,2.86112602279795,6.90629037641553,14.0675335902706,8.64718621683563,5.68330885166633,5.20006590251095,2.31495770347362,1.45096981978856,1.58359099133097,8.03773792574833,7.13935561732971,Neutral
9.18231787183896,6.99981233304208,9.46502713783189,4.19831591258561,4.66107617089436,6.92142649447813,1.77391970382162,2.66306315823344,3.33398528891254,3.24470645629337,2.39834171442247,3.91051399862331,3.61648499372339,2.75780782027206,2.16816775153053,5.85672397994157,10.9434988783141,7.73020186129177,4.29951929373341,4.55500282311357,2.15414536271488,1.4753884696648,1.37685299709802,13.0000500358569,5.50068927185749,Neutral
8.35356223650948,16.9184380255615,5.02484420727304,5.32340221957876,5.65670375534599,11.7962009452318,2.73602696200171,6.52913862676584,4.44905473818833,3.64054161535562,3.3742271667875,3.43553321463483,3.7026785072092,2.6047364644367,2.78389050898022,6.72882410016999,13.8667027019049,10.5616206810542,4.20874171647772,4.41644231932436,2.31542173744955,1.43154579696394,2.22842826569863,12.8283284877866,6.10851388226475,Neutral
11.7051114558525,18.6031684213016,4.33018114749085,5.33234012739827,6.5412930118655,22.679225525307,6.58568784840389,8.68256696983969,4.33297089639796,4.67240504311911,4.90552719506955,2.83570988665398,2.55313111137529,2.63220095864822,3.25637801972471,5.78651062994928,13.3439802396291,13.5024555003507,3.88476580318048,3.36471615539607,1.3767088888422,2.08207990619744,3.54115147993884,9.09203442798858,6.937351868696,Neutral
9.79763553000184,7.34758419758027,4.02775998487765,4.87619321597155,4.20062780443275,12.342138002264,5.06851394811239,4.41793718405596,6.57783669358694,5.12904330004802,6.20048011017972,2.31808182866253,3.97644001206643,2.33161511330509,3.26437563629575,3.22552056307059,9.33359587298694,7.53546155319785,3.86716361334722,3.08347284579478,1.3306391807774,1.6453705398426,2.56639487530687,8.75258952442574,5.99294191369052,Neutral
7.58060686460839,5.40057771021947,4.49496112478168,5.93135066803552,2.87446140728853,4.68049440556995,5.10288707325836,3.40531152141591,8.09077022320768,4.90109359697318,7.73047052406574,1.9329084116969,5.36115078199446,2.46187464829044,3.75867808659383,1.96118828468286,3.67756650051497,2.47431167746864,3.57609163725295,3.35980425806336,2.38242795885034,1.13939511928092,1.40513459270139,11.288699876803,5.50665796746381,Neutral
3.81307015920913,3.91789112758084,7.9519725749668,4.27839860405684,3.75863906571189,2.31015498963892,4.1201967045109,4.17126920165877,5.58688942417074,4.35356745564273,6.90459678112203,2.72927920794468,5.16050522174675,1.99448194612738,2.72356695524828,4.79428863700968,2.42086010614928,5.00646095095009,4.20064672262038,4.84875446441624,1.75083244463299,0.89012338447298,1.65431435336206,10.8840702350026,7.05660750963856,Neutral
3.73109548303866,2.93734320722006,9.88493811348323,4.88074945219868,5.45531181100319,6.35251705986202,4.16901712043231,4.63049180655901,5.81580409277755,4.02527194292433,3.24981267173705,3.60939608702327,5.26642794439575,1.55483031977277,1.95303167952132,6.58129357383,2.82250819114149,5.95778599658586,3.36129882387501,3.1655936579772,0.555155210934005,1.82904123878221,1.10885296385834,9.22683309619885,8.00612533419449,Neutral97.284628471685,46.6953584302436,29.2639314528591,26.2560396519951,15.1412253617093,100.781202643111,42.2835897797238,24.3589940305834,13.0420232287665,9.73394621787003,88.6809278419505,37.0087895230777,18.0156525285281,10.3744837961304,5.84500070441514,95.7055141932567,45.3979033359925,22.7357623447503,20.2247082063844,12.7008625979793,83.6203680611968,29.5227845839784,15.1707098050998,15.6009148042529,12.0701804527271,Neutral
11.2639711272665,7.36405919218239,7.8520461718824,5.78102072747839,4.10684287371921,14.7108889521,7.27183865357565,3.92189794953279,5.18830372075729,3.95095825270486,8.8607713689178,2.88995171216558,3.23709470788034,3.77992879490685,3.83065799757174,9.6943800615857,8.5415785166534,7.90001053968025,5.88413762464727,4.01233865207592,1.45341509384633,1.98530436563672,1.19067744065443,12.7704427179939,10.7056092108448,Neutral
15.6738453820781,1.95694264835134,7.08396374623332,3.65224688038904,4.1261815064615,27.4132112095756,13.795235086803,2.89864053316687,2.99276314643587,3.16944359129397,8.16343480611046,1.20863868023167,4.88212253860932,3.66323232497007,3.87073229255761,10.9345166934823,4.23783381956883,7.9659037663675,6.88796464389613,3.45083047251252,1.59036878315481,2.63464917038943,2.02001587241185,15.3719020821588,8.15828807084153,Neutral
14.535856062461,3.01972027654331,12.9137706133846,4.95303554253452,4.66266752216724,21.6029897015021,10.2761005017663,6.18397567464944,4.24245234099693,2.6288224276027,6.42322428251171,4.78505695025109,5.83024726749521,4.42391866751234,3.67301575795055,9.62197716124455,4.0645318270552,6.01677363000893,5.76100485883925,3.22785549373886,0.995430862403055,1.44993722923344,3.20158965615772,11.832021133993,7.03883583087277,Neutral
14.4275227063137,3.1120427893197,23.1243660501225,6.80053544812723,5.73565408459176,28.027192791848,9.43552450731074,10.3695444881359,5.30949453389232,4.49152448553289,8.33274192887002,7.19378870470645,5.44908778007738,4.01219375727677,3.44096962763284,7.10223331816833,3.35148884829379,8.66768909996914,5.29738007361753,4.36174928193204,0.773751817105499,2.02050251111677,2.40946412178643,11.1267749246838,6.92713821672686,Neutral
17.6866405428631,6.86792056358603,9.55237564137824,5.86939115834497,4.79419641188491,24.3342510761026,8.89401278382013,5.04745884070173,5.08126691067932,5.08635650460663,5.87715323276464,5.56001049458871,5.35043841205843,2.49654102944728,3.41366769207523,9.00754554474833,6.85733151662128,7.26705564421604,4.45637534868283,4.17567062068965,1.08621189944901,2.37623541533336,2.98506996726993,9.77557522985822,5.4392949068002,Neutral
17.6866405428631,6.86792056358603,9.55237564137824,5.86939115834497,4.79419641188491,24.3342510761026,8.89401278382013,5.04745884070173,5.08126691067932,5.08635650460663,5.87715323276464,5.56001049458871,5.35043841205843,2.49654102944728,3.41366769207523,9.00754554474833,6.85733151662128,7.26705564421604,4.45637534868283,4.17567062068965,1.08621189944901,2.37623541533336,2.98506996726993,9.77557522985822,5.4392949068002,Neutral
24.8849966080927,11.8656711401725,4.36910410224259,6.08505974300897,4.79673248091686,35.6148330790182,7.88227286346753,4.64769060277006,3.95649800119398,3.10469635196776,3.45432129403477,4.97318850821346,8.17207152134994,2.71696145621666,2.88809928934342,8.76478572817823,4.64508879572682,2.81611754735024,4.08798167300209,2.94070721484857,0.879835828412124,1.24602294475572,1.43776092686931,10.1974226391442,6.10253618862388,Neutral
26.450721610532,10.5924786568451,4.3676827173887,4.96361831188542,2.90853517237259,40.4232655505613,6.74332644495243,9.63929798467085,5.15214882858581,4.10521877589096,1.7479433580455,4.35754644034046,7.05738745844933,2.85553492980535,3.19095396073564,7.97496298281634,2.77245584477105,3.65381747711058,5.09865662289738,3.48943809958147,1.11625111867058,1.06956772302294,1.4927311152755,10.2792627309465,8.25619082809517,Neutral
9.21283602686582,3.74210254085277,5.15195253333508,4.48905961305459,1.82090148737896,12.1972895132326,4.63123042451898,13.5426876555765,6.04326373054321,4.23773014558016,3.16683843539811,2.93047172487685,6.04300252351515,3.75520667548828,3.44492558657541,4.4227431888659,3.48698539559704,2.69646362112174,4.82324839366139,4.49568070132873,1.51362586768665,2.29089167763523,1.39203749768028,11.3848426333296,7.61942031060061,Neutral
9.10285154880217,4.60261634962738,7.41252701985668,3.47746349687542,1.94002393856084,10.3820190881095,7.00245878531455,15.226457179899,3.61271849913071,3.64779262138638,4.04154425293492,3.31090236861807,4.29569635609327,4.02894262431295,3.06541631972804,2.24814085975189,7.67984369697278,2.65229379646121,2.01153050116235,3.88343006456534,2.29647367568152,3.95108226200173,1.631421614793,10.651605279799,7.29318002053247,Neutral
5.93512768498579,5.89593996205163,6.0557116161717,2.99811897839297,2.71754629570126,11.3092703018823,8.91723824636495,11.0785689140708,3.73988529250578,3.50791871800336,1.65382915290677,3.26138346198457,5.99888658417853,3.67289641861543,2.84359726483807,6.49486877610036,9.10906006164376,6.79420690226488,4.60942543412038,3.78151710407088,1.23658683896145,2.42532943325963,1.97700640667674,9.38336729420774,5.67953040812835,Neutral
3.4260064275903,6.35225953272794,3.11263114659814,3.69597121103844,4.0054192891496,10.0572016863786,4.92861193077915,7.02122215879163,4.20344598090283,2.80044935954371,1.34729910888495,2.13981044069178,5.62389104426551,2.33481576865991,2.5106040524737,5.58480586686985,6.16292330934842,8.41561093297303,8.73372520352137,4.62698388217885,2.73025866919934,1.22055713201688,2.56940601726256,10.5996631684966,6.98119830835286,Neutral
4.17510945110257,5.3897126003712,2.5084838212663,2.80173760291088,3.1764290771178,6.9942818636988,6.96022138801053,8.7198436095122,4.43491260851389,2.86890467812689,3.36671541110256,1.18310392789999,4.69087451324067,3.17017767499277,3.06404575661067,3.73593814395405,4.59702826700354,5.88875022072081,5.47865597397554,4.91694885270651,2.11595404007117,0.752698826097895,2.1952347172182,11.561941913762,7.64670647230369,Neutral
13.5881768014635,4.87173039137619,3.79026230364334,1.71845701092575,2.11474724821263,8.44370628914297,7.12122410408231,7.87031346382521,2.98400957602421,2.8127303354825,3.96128075850219,0.872171950666297,4.35667327662992,5.04445959779742,3.96432413798485,5.279451940868,2.93769618345663,4.56171900357332,4.41118859523749,5.23793022342827,1.36655876229431,0.663006853665255,2.21085161447046,9.0522691359843,7.66914438478516,Neutral
12.0040880860328,5.91713385379976,4.85445930010588,3.02437199358296,1.75692113252823,8.95535863637338,4.14228504144426,6.50234804477673,3.49386723271286,3.35921498623288,5.15742830658952,3.7973379285064,7.40145359966102,7.36829518461104,4.35690232245048,7.52162758912423,5.88982352908683,7.17267279953024,6.78630134814453,4.78053067497965,3.02394807070682,1.56412896114612,3.95621622208026,8.03046485545432,6.94032404020027,Neutral
16.986334304829,4.17163031435768,4.70058192940135,4.4960821741786,2.69452106173195,8.88037250132069,3.15430038670092,4.46955854875061,4.24048907504566,4.19908147066205,3.88423787365984,5.15045022813367,3.44298028574223,4.94551992488616,3.13368882869257,8.34063606343079,9.02449585773369,4.66291285106713,5.44306023663242,3.09127388275938,2.54224442694279,1.43627215134391,1.77768741582333,11.0298238503446,7.44051314176394,Neutral
34.2501646567283,4.67607419005608,4.63969912402644,5.81039021613217,4.22136860445607,14.8988565510849,1.67013665296117,2.72790889563778,4.82387889190772,3.33323955590212,2.763893446549,3.32651428005561,3.48735309119523,2.74332962026103,1.76368222086158,3.97968860513984,5.9102096260924,2.52635755644694,3.4175067308156,3.20682914830713,1.34908749956233,0.743157064274695,1.43072885811746,12.9332415305177,5.89196865810191,Neutral
13.1845969020125,6.57722728921587,9.98615671939451,5.12986015088702,5.38693727824809,7.54120938460237,2.97756596006452,2.62516770638179,2.99248378797092,2.82310860812954,2.56849876337608,3.45928181393981,2.62433493764274,2.66045441314588,1.94026504348809,5.05015155018271,6.80200270146175,2.46789708030375,4.09388177140305,2.84318116196067,1.14557731357352,1.20216872177279,1.37568585592792,13.0439570691121,6.62387421155353,Neutral
10.5702083651292,12.6877907800052,13.7281695217854,4.71951496225065,5.15131333888975,11.0248130127505,5.13915688045938,4.07037620158572,3.381792759571,2.53007712266079,2.0091439884833,3.2884539038906,1.00110479021967,2.42225495214674,2.3051665801067,7.63511566190465,6.50118420008276,2.87859195996784,3.7435415893517,3.33528196459319,1.34862717954004,1.06788088888249,1.17025552811187,10.6426099189654,7.92610625190227,Neutral
15.9145112120976,8.04933797578314,6.82265926167475,5.98078293082785,5.41582381822087,17.968781025082,6.52543689754511,5.25383811053859,4.11996333991441,3.99037462223963,1.74587459625922,1.57074841872994,2.13087747558299,2.50391091622282,1.73971025719337,5.83609275302458,8.14901051284888,7.21167413061198,4.32118526120165,5.31123533180453,2.38311022236108,1.17620313755684,1.14957639889272,9.95589506664253,8.31865475259634,Neutral
17.8550514691805,4.42259868391865,6.08862566111961,5.24136702486167,5.51559572650436,17.4924292398993,4.82864869393366,4.96508860701673,4.39793629609911,3.50648415341805,1.23233919983032,1.50211011785042,3.39433865182015,3.01021906029822,2.17911867710633,6.38567439570324,6.81072244066405,6.74773765620623,3.67626187562211,4.72833327128801,2.41250006464499,1.45036240959547,1.43290293571314,12.3622210534442,8.5488572115502,Neutral
11.4872889574079,4.57385147807058,5.85552238663135,6.13306411698346,5.42443061924217,7.27618131238083,5.16398031441801,5.96147310439967,4.01988334330164,2.7252880304815,1.85267467557009,2.17950411546402,2.95748992452988,2.71420262267468,2.52916124023115,10.2503709055565,3.62214661812704,6.46226102700507,3.82552996576669,3.83668059169106,1.16807217682281,1.27315763019808,1.3927850761262,10.4216167862555,7.78509964028312,Neutral
5.78560226646881,3.29655346415988,3.72629443986421,4.76497115532918,4.92032023666382,3.54542728836155,6.01839110268929,7.98079026567471,3.40962729203794,2.71911996744535,1.93540546263904,3.48113684294331,1.58310080900706,2.53429003879077,2.89315195962566,10.8234431302098,7.86205921159042,3.52417690374522,5.28323295337622,4.46720201679521,1.05346859396228,0.778720372183289,1.15076132324488,9.63845329290444,8.06338836405426,Neutral
8.67181301104769,5.86428251606392,3.28599262549095,4.58668622764874,4.66173176850582,4.56142951566802,4.85329006730517,8.12464593773384,2.65678718464038,2.89940531637838,4.16806510204121,6.41586738852807,6.10787684275858,6.29178545892205,4.55446006183139,18.8340751154938,10.8680446311947,1.40988245906217,4.74642769158952,3.55791947578155,1.45191287719503,0.382164009660208,2.41647655606146,9.27569520945113,6.82468163034237,Neutral
8.02626188737439,6.441741447154,4.58472687504929,8.43214131469698,5.05285741443392,6.61310036331207,3.57527345718838,3.51165758186305,3.69461967637212,2.94842901170386,5.81827631157811,5.26021323478929,5.6439888452116,6.61755015933336,4.351277549245,16.2324560920414,8.24099433008237,4.64204838304719,3.50335466722171,3.46267342516219,1.12401925434705,0.722473280028341,3.28220856213043,9.81676752046715,4.98600404137606,Neutral
13.0908354902537,11.934150081784,8.98878309171857,7.0410316795136,5.8042002909203,6.31624950817941,3.2454380047734,6.78125780577398,3.36042148075532,2.35649665461226,5.98547253811604,3.57052793207057,4.36869892383945,2.94067877823035,3.19805988717159,8.72193807448796,2.86311555430215,5.80344183313577,5.18879650727177,4.34943705084407,1.45442927695616,0.983850998834318,1.28425086478477,9.39774613497277,4.98960838241741,Neutral
27.2414283370343,18.0499212679536,12.0115137274957,3.30217779869882,4.39918773685022,17.7599874954552,6.19169063011131,6.66230396470049,3.38984651819593,3.04810196516686,5.02268866896867,7.27583871555445,4.67941219513974,2.67533243295727,3.32776902386489,12.3835060033002,3.64257878884236,6.17915284323056,9.47892274893746,6.03568716055036,2.30052984820477,1.38203979806362,0.452250678410733,9.04768987591121,5.27367402265327,Neutral
30.1466659585889,9.46366553761388,6.71636517610165,3.33625735545554,2.74849565425522,24.4771219946705,6.77254171394942,3.60754126582884,4.83508088705582,4.69932367451446,2.02376220910037,3.81771100288359,5.16661357086466,2.93333019101264,3.43678112468482,6.63584690575855,3.12127511744924,4.62144897054065,7.14529655415221,5.8807896860819,1.18368797229953,0.852382630802272,0.335042673183232,9.92058666062713,6.14355550382306,Neutral
9.385441315539,6.9784234288294,5.60109347759787,4.02157144211974,3.67982183099503,10.0171437418723,4.68455202056046,4.32490494059148,4.19527334266359,4.2157896060495,1.47868528439283,2.6492177546513,6.53958331060019,4.43440667101422,4.31129050535241,5.18198744945957,3.14599924724453,8.9380507903604,5.27706047250667,6.6645303408469,1.13297372484417,0.692712194769131,1.40464690036834,10.7302365391274,7.86547754477775,Neutral
7.2128986254549,5.14725930740885,10.4591257698039,3.91811352309694,7.95526190497885,9.40809412617131,5.54050830770065,3.38992536499261,3.28074816623368,2.68008631883386,3.5820038200739,4.30337424865425,2.25763264037672,4.70496630960425,4.44194336533414,3.34183824965718,5.86408997494684,9.11758676660588,3.46345638938954,5.36475994420687,1.63915211300558,1.34294312793372,3.44802774216283,11.0399052979457,7.08598266660594,Neutral
12.8818052843293,4.55347530977906,12.1351266283359,8.02964419997516,8.73990011099268,26.5596255355014,4.31826168729667,3.65041185675244,3.86882842789452,3.00138789079794,3.71608270512339,2.54344918548302,1.95540987979591,3.10645175948658,3.21730696906617,6.6404391702709,5.16586824224006,3.96591960688055,2.09096154354116,3.14982959213766,1.0694049771315,2.16282941759834,2.63022746349447,11.542390584893,5.92978054116098,Neutral
9.80261578790635,6.98760662087568,8.64998080963366,6.90592054860086,5.61203286596819,18.6344976928977,6.24241624682776,6.09346492313533,4.59008336917966,3.00177770695334,1.59727660445071,2.25702578120279,2.48173742627499,2.53801693916525,2.46574942196497,8.24929036500545,6.57662282701599,10.4371406416476,3.52109542621461,4.71574073788282,1.46511663866605,1.02729189802595,1.84738207879456,9.25959076103823,6.83031849697393,Neutral
4.22116665193894,5.59973020547883,6.18394576445168,3.64923293772641,2.9126720837947,8.04252089459708,6.96820149730935,6.59019948121446,4.95156294661556,3.06333618651045,2.64523340433127,3.48091899846261,5.91885994817867,3.82036905268312,2.9158049256441,7.99095359292977,7.58568954104682,12.903825095212,5.48418398146661,5.37116345410811,1.93133191508839,0.811945252751005,1.92813056613612,8.52835633995833,7.38260351792702,Neutral
3.32660726995643,9.93531359307952,10.1863498585864,3.01872561111123,3.62745107109369,9.47475840421865,3.14161885266613,2.14100302093531,4.6686037657088,2.17742765644928,4.58582191246373,2.6375524287241,6.16926695645338,4.85521716487752,4.04726617648973,10.2031289835718,8.70869676062889,8.48033644244234,6.6192473448358,4.05722917569527,1.57081275653946,0.922692115752618,2.26288752227651,9.01743132849332,7.90401097324064,Neutral
4.12539134101716,9.48403884847049,4.60085641504568,3.3765064099192,3.22916005492694,9.23543590666117,4.69523329447469,2.81915137524726,5.20183810627384,2.67072106037489,3.49026786882634,2.88942392387383,2.46075259847148,5.44080250090664,3.94698142064849,9.48922877712174,11.0229997269614,4.67273195430826,5.21895807866181,4.02865180404662,2.06742831617741,1.1037854665937,1.43435235290708,10.6766957943009,7.98242559877515,Neutral
3.81861034886182,7.7449488058614,2.02479408945966,7.39867484833864,4.52490614501812,7.05396107979411,7.37811645498503,5.40754066045982,5.27594947484725,3.02830781692487,3.00364110195847,4.08402300673403,2.22074317553694,2.81871222155391,3.05994504494565,2.80191494572708,8.13946458183978,2.79388218875965,2.74260029532443,3.00218680135325,3.09576405098876,2.06144282509456,0.576100157614223,12.7114062205732,7.97883761351788,Neutral
5.17254249629043,6.94752927033217,4.65911123445093,6.44012825075587,4.51485102477215,7.27567647787678,8.7238248749867,7.01894345910614,3.91095361932983,2.51249375365804,1.79958416156526,2.65307567714209,4.37224241007423,3.46945019519097,3.09536765193276,6.20659779074481,9.88716177354868,4.80395278205966,2.70950722435311,3.48020091249796,1.31982277288131,1.87035677088793,1.40750359820195,10.9409937598725,7.34264825631776,Neutral
8.21626887930356,5.97520458244426,5.97577097716919,3.36584999977353,2.79769601522008,5.34146426773378,4.94271934098462,5.55467242632532,2.98837612162983,1.47692829330897,2.08546206545212,4.60473872262732,7.46350062588577,6.58010022216909,3.66263171071185,13.6070172516806,15.7840995329941,6.68706856468084,3.71065869989815,3.62045893059818,0.370383459436172,1.99048295482385,1.7732848255822,8.10649471703008,7.94884805158638,Neutral
16.1117247776737,7.30758814842335,6.98649551533009,2.8884383224336,3.11188910084087,5.98151270254709,5.26547395240796,4.91873308959032,3.97334111518343,2.54501518705868,3.14713807152687,6.88529630904149,5.85814260006481,5.83717095939429,4.47941423351442,7.25194240353654,12.7869366396645,3.86725070250135,4.12817021492594,4.28878861381727,0.91050933530983,2.66002658290328,3.35870337565279,9.14025674926405,8.3881993075379,Neutral
16.2218818083412,9.22175472144148,5.24766124105318,2.31448682693367,3.8042284714565,14.2427889170987,7.51204945126064,6.57943087214128,5.23379385961757,4.77294458248081,7.48002494063563,7.08457434709665,4.75009663315562,3.79035943367261,3.78548144633384,6.77707800729735,15.3724652654019,4.15437300179566,5.40938391403386,4.95024732759617,1.75158150608197,1.04330467711749,3.37342391252707,11.1812129185209,6.69053592643429,Neutral
11.8230173937637,5.29657392857741,5.90128027500495,1.92610246102555,3.12854124187675,16.5298440258828,6.91342555190487,11.1529725289014,5.70488798458951,4.217835431786,5.54197710669642,5.30994387301457,7.50353121520086,1.95164202635094,3.06279095242333,7.67539682500277,8.58549321356823,3.38591299820861,3.98213629918481,3.91026136814258,1.40453696384534,0.910461133989181,1.68057479916908,10.6343139289642,5.4534085097549,Neutral
8.24646042190495,2.631047726816,6.67694759373505,4.04293070779962,3.46146814714067,7.70152042428236,3.67363432184524,4.75578883887576,4.01100480148452,2.89209612074544,5.28195522030461,4.74492142873962,13.371457784577,2.79679358272885,3.58146214961827,7.12420906997694,8.94835416698159,4.73411982645504,3.14813160444531,3.46385334260149,0.981831064649322,0.894916579693934,1.88007812143249,10.7921897073313,6.33601263767517,Neutral
3.619705486375,4.52602923782616,4.80219559139475,4.66862418765539,3.13573737850733,5.0991360717976,6.91806515643253,4.04500074914315,3.3542513398434,2.6503812972429,6.96246920829647,5.95067416884258,8.08051050151197,3.05599748359563,2.95850340115204,8.09595161777634,11.1544454511019,8.77780883019646,4.52858768778996,4.5532133331732,1.22454510552639,0.763629288615653,1.7643766154245,11.0410598000875,8.61173919376218,Neutral
6.35155376320017,7.6544043855403,4.00357135266942,3.51161254199657,3.59245271856868,4.81111365169404,7.5563114843019,3.43454246002836,4.57885991821893,2.16045369183323,7.1287134928219,5.14805396247749,3.16448654873327,2.29634250405578,2.77484632020325,8.87986978340968,7.64374858930915,4.725698299155,4.09206423910871,3.88143651695352,1.50951850926136,0.934582033664471,1.45435394460361,11.9529231686547,9.10460314920121,Neutral
8.84858331675536,4.54090522641252,5.36802904578161,3.11995189036754,3.86127598369716,2.86503904054698,4.17383635785993,2.0279012945375,6.04450130538437,2.30092605656521,7.82471592331216,4.13227584979847,2.25216090203994,2.34679012311701,2.88545081875531,9.92370856283893,5.97157181335403,4.02179296258144,3.00201588252913,3.88719001133066,1.49230685607048,1.45621485450299,2.14451986087226,11.801569878785,8.48828520705882,Neutral
9.33215983639266,5.99506085795136,12.0723302067804,2.78926560007107,3.31463316349269,4.27211844526033,4.07267031881962,3.1088740305964,4.28609207551555,2.50779110902411,6.81137630104818,4.51111802726716,2.99248789153457,2.87378726715961,3.89355233268691,10.5533893211895,5.10224030304866,3.48161352183098,2.40274315327617,3.5570791892035,1.614088703666,1.7864401065295,2.26523935769354,10.2521331157884,6.81189948444946,Neutral
12.4132166458778,8.4943395653156,8.61649842149303,3.94260541221195,2.60069901585557,13.6012586156457,8.84981572703566,6.59409257466852,3.9871593859371,3.27273551029971,6.68650787481064,4.48480570787092,4.88731199711069,3.28514013462945,4.71232799120619,7.06128968614593,6.44376843968562,2.86599867562162,2.98378992184168,3.94442351094563,2.0198596653744,0.996664374756091,1.68944413653128,11.5979584323498,4.68885545370361,Neutral
8.52406290153767,5.56538426903079,3.8911267752729,5.01031636269027,2.96481263845143,9.75485832022989,5.41731044358195,5.77928932548071,4.63776423306373,4.66505159762798,5.0425413675521,6.81724129130027,7.76403620404719,3.58708373979414,5.40699769829749,5.4141470155401,4.94064263237548,2.96162364682063,2.47067146784243,2.84156983194047,2.69009909959882,0.918961681726494,0.628658735467545,10.5775580569699,4.36394750652354,Neutral
4.90899570229518,2.79024854672888,3.12043136566319,4.4535788373452,2.38089580156787,6.57137672072555,4.35318018678654,3.18446580230805,6.25886812082876,3.7355840230355,4.78434485190133,6.71513876169328,14.0838585706682,3.74785854488714,7.04654409021871,10.6778120296663,5.6492269283315,3.34588656507797,2.10603948856893,1.86061905492935,3.54747459873584,0.75013981672282,0.915518167283824,8.76998126880416,5.76067278243295,Neutral
10.8140266558754,9.30783470712618,6.86482026467353,4.07783976576877,3.50250430431194,3.77721558181565,3.70206710748446,3.0865899199481,5.24938460408589,3.6486465326334,4.5643238421689,5.72839702670996,7.68158494493369,2.48322016999196,3.97822789805617,7.22469877361585,6.36919130983551,2.27636726964275,1.95038755926396,2.03836996872911,2.34449352743598,0.719773101039763,0.748582604951622,7.71919580808919,5.71607232593856,Neutral
7.848956471731,11.3969826094707,10.5472296022274,4.23961719764928,4.41153745133994,5.68599579679742,2.04830365740465,5.60749528281022,5.35183283372563,4.50705661376342,6.7423634575487,5.06396258179448,5.99818825039361,2.13581711053075,3.30055439277264,8.91773651641666,5.35341445462344,2.28157906609306,3.54780869350821,3.05942731820478,1.08863020120798,0.687385951153615,0.990136998759195,8.20005511266418,5.3360452879709,Neutral
4.16003687033653,4.55938169364128,8.61194226914908,3.60090029317073,3.16525588185115,10.8437740194736,3.37180290205424,6.23538478655725,5.40205840088331,3.11813186838837,5.22416543619793,3.10124468102047,8.79025353574418,3.96267017399807,4.6695546026403,11.3828352414439,10.1702926160891,5.06794073446757,7.05398339096881,5.69301211063313,1.39843260870505,1.1765658655431,1.90545196225124,9.26780942342487,5.67641152432954,Neutral
7.58583141954308,6.13893919035859,9.72065332674595,3.33988786509609,3.92587479234746,11.6234458968585,2.44029519445047,5.73558625032056,4.93548649361324,3.26606548958846,2.42667873703991,1.1702996481972,6.75665610978489,3.90375473950565,3.35753483998969,11.0236969882031,10.5774523839659,8.0166464546144,6.17358837079722,5.50273894348397,0.946304443026476,1.87972898272948,2.07631374541853,10.1797556370564,6.01507237548292,Neutral
7.07924623209059,4.73076086704848,5.00893939413965,3.80928912647858,3.85163625222572,10.2916308675301,2.78962649886795,5.0192677623315,3.85060660109583,3.50071852778579,2.65733770395884,4.0871353448883,4.9662455957336,2.69359081546158,3.13539589488534,10.3365864279291,9.31981514829606,7.00841458422473,6.30183948595,5.49191173030228,0.802635845445476,2.75212261358418,1.14178662880647,10.7327703006911,5.56567282778508,Neutral
4.18300354300637,3.7146631800256,4.61116307125374,3.22637188024742,2.16845345480964,6.91138744998537,9.10331562647338,7.95276645998437,5.0734788588471,3.65908508858123,3.80297976577082,5.92026298870601,6.51838065777754,4.17916810956227,3.75416706401755,8.23484150175424,6.38629837879945,7.23117001745297,5.3801733049363,4.36962421755766,1.70222210643316,1.83302505695307,2.01589700850253,7.85800300829545,6.30762304161134,Neutral
0,0,0,0,0,0,0,0,0,0,0,0,0,0,0,0,0,0,0,0,0,0,0,0,0,Neutral
102.681469710804,36.680834465281,20.4117519804512,12.6005634114287,5.36026013249938,102.557026344054,38.1887239672724,22.4075306279902,11.2016578353526,5.37656090722749,92.2355717266165,33.0543120110145,23.0592891601274,12.8324355630577,7.45092260523847,88.0565154504903,37.3731301729494,23.221708853196,12.0744365926234,6.71375982708255,91.7459436701783,31.838469244621,17.8196976945556,17.9623320790676,9.55943453973578,Neutral
8.51465610944743,7.50234321668013,6.75993789924463,4.05223698369403,3.72092062035753,14.7780252745778,5.49168862590167,8.33938850787617,4.98090810861716,3.39433524905982,4.83227757234533,3.65540391322675,9.18937278628385,4.12025526252039,4.76677236847618,2.58689624443575,5.53964651889303,8.35463271512406,7.76743734998149,4.0045498769863,5.9618121042934,1.54011035668819,3.94243540678362,9.84543062223479,7.40061521028339,Neutral
14.8352767308578,3.37310397715722,7.2816727789532,2.96094669175638,4.35168567060388,18.9133017263692,6.06353903890741,7.52362500726883,6.70800666834025,4.32527993167904,3.84621094667432,3.80226261628879,6.77927767295061,3.59911896082693,3.44287432381514,2.35524976893143,4.79283518625318,5.06486424037178,3.85941363960579,3.03488103251286,6.24636971010125,1.09877467133409,3.10047045955934,5.61901308090764,5.84200773579063,Neutral
5.65308899921401,5.66045413682095,10.0934397886003,3.4281977389975,3.97322422756477,4.12204989132744,4.17645723155304,4.46573104472924,6.74316596147434,4.27367980768934,2.51883784048148,4.17657128769001,6.53957734068568,3.50498418262448,3.47867518316718,4.39520755580971,4.1522658236724,3.6901827000233,2.95569064936993,2.85764704161284,3.69508977759619,1.87708629674201,2.20660486625526,9.29894174928446,9.45088574969725,Neutral
6.8620393268538,9.02684914909171,11.3771141344266,4.57827225247644,4.66492154651228,3.55928013024265,3.58625584569666,3.26203133900617,4.78667187635377,2.71106395260446,1.42340167498779,1.87521225581031,2.14703956328819,1.78435232357858,2.38852152754187,5.35954489559965,2.32314279126713,6.82708818574915,4.57585506196836,2.98089522022148,1.85812544808669,1.349239843628,1.67221061239629,16.0219044830731,13.2328233206324,Neutral
17.0425065790839,8.36980589714201,9.37138877764269,7.63052631621325,5.80570987653635,13.3577960244846,4.73320507897629,7.08379740094447,3.82025082200893,2.06227466339782,1.93219553807522,2.81577849356731,1.81696254957939,3.41114700583537,2.76921657015196,3.66709208235659,2.51874095097631,8.76765793821118,2.87079950557151,2.69001162874136,3.16773917142418,0.714902181545812,2.71646838434719,11.9154058493384,7.44898757716386,Neutral
14.5764412798877,8.91375971009345,10.0549336320861,7.31944126780365,4.52236594123018,22.1896485045005,3.38383313162299,7.78037888765253,3.17849579573393,2.60654547121367,2.35110583173657,4.8461888231864,1.05398451635628,4.05701606209844,2.46617911725236,2.96366858110924,5.72357066916682,4.36191074386385,1.87442160975148,3.71581880569849,2.81967439085285,0.775760558181545,1.39351543012775,13.6008888691436,11.7790234574142,Neutral
25.8449379493234,7.35498510860102,9.39742907612505,5.40194246066574,3.94886514969938,22.7829574047707,4.95174169309975,5.99111851103706,3.04755443399965,3.10393737796081,2.26732335184566,5.80228637717895,3.29994691626198,3.28583957498028,2.55095717359211,4.33005236768458,5.66880711918099,4.25966275053181,2.91184383338598,4.1467220050877,1.04728365964072,0.792538003641482,1.09141848112236,16.4223956548818,13.7378374807785,Neutral
11.8019853813357,7.63143488281749,5.71522176654067,4.76807654224705,2.9995888236905,14.0775268299256,8.12252472830168,6.19313749229789,5.17289786171445,3.47499574060388,6.04414801423131,10.9274758319104,6.12005234718259,3.83501140223634,3.53352804601221,4.28883050775359,4.73110509152488,4.39203895850879,4.51718767101815,3.21531713803854,1.18930993849435,2.70964639493682,2.94111834320251,8.79594461989034,6.43012966365631,Neutral
3.84346446060732,5.69574251957784,3.53675559433254,5.05781240564612,2.40256834425182,2.17720289824359,6.61577225112219,6.32823397248943,4.57790804190897,2.78336456670166,5.86394801731839,8.84357394767084,2.47869014712727,3.05892210832854,2.2271332976454,3.22511162431763,9.83412193990606,7.9961274505522,6.82557324875913,4.19955315584391,1.40673555787112,3.76067822554888,2.1121482018216,8.32493852492157,6.69868985228944,Neutral
6.10992983749295,4.94638076049338,3.30359626742986,4.97121936809409,3.1478938692576,2.91568833639302,4.44682437656545,2.93082098993442,1.22664339877484,2.14675068213896,5.91292681461274,6.44927971618051,3.48394880981217,2.47348750091458,2.01389128156643,4.24712480007589,10.1401568576202,6.4289579999848,4.03648662586785,4.36202717464035,0.853230406173696,1.69710314475231,1.49599502217063,12.9716823877266,13.4023393819078,Neutral
6.72028887582518,7.4684580093538,3.35314141586721,4.93813642369181,2.68781438388896,4.87142948672403,8.82045342251365,3.87335711956841,1.91138708863445,2.82747155280022,6.7468487833022,4.05863000039352,6.30905799814403,3.22343673473786,2.63889415912957,3.74806504720313,8.89734736832846,4.43676618841072,3.98274535053501,5.54552853941317,0.588575962855515,0.879772344986753,0.650568495951731,18.6053362994304,18.9511123141829,Neutral
6.84354778516621,8.27716002692359,2.54134477072416,3.4276151591115,1.94411619970028,15.7030079030337,9.39232070752114,3.19276926310598,5.13828453970552,3.33254338733997,4.29796844261694,2.04165951324296,5.83412906033628,2.42555496041671,2.48357476572881,10.9822689890226,9.17181695753237,4.31051371596703,4.79976603104137,4.6919045716831,0.679057354085802,0.90002273314649,0.689355165157004,17.8492279293391,15.6684464701342,Neutral
6.33950146799173,11.4526534953893,1.26497053004008,3.74681268830374,2.97982747671982,11.6207774247933,5.57199508860346,3.72611264498514,4.83098462983165,3.37398140401575,3.93444212196425,3.08774838834754,5.92535489388024,3.46222317486892,4.0208212478139,7.6976795523125,9.42792465700534,4.93557643611609,6.58919002250729,4.16740166299589,1.0293424534099,2.26700837791843,2.8098583498999,9.09462866819958,6.78787503826374,Neutral
3.84367776818027,9.43436863901411,2.57048227664438,4.34470722590718,4.95056079687131,3.65301792148436,2.29725794007169,3.96952986868007,3.84328767825671,3.25445758865234,2.6422621594187,4.18206781303835,5.67219192305415,3.3858052640821,4.50500991127809,4.3436817779621,5.28003274244738,5.02247469891568,6.47363577720554,3.24584616470616,1.09680279566542,2.73097652853918,2.66684258489091,9.42505694382503,9.96102540055647,Neutral
2.48419501428984,7.37989581791093,6.48747400964193,3.67741190609265,5.83160683779313,3.05402298632659,4.70131901048311,2.24929885442194,3.20620814728512,2.57113857802761,2.44882380178297,3.37691895596347,1.90918117597088,4.32530176042345,3.1650301625305,5.99347114087734,3.9611513674738,5.38070627815066,3.64037002533502,2.84859867180098,1.39333531786838,1.0647054573252,0.955609460387827,16.7067351687997,17.7954743232496,Neutral
1.5821056058633,4.02747321765094,7.6917311276616,3.51382412894924,4.38308785564814,2.37782758680252,8.05301749113698,3.20617479350824,3.79707977255901,2.36951093059317,2.24977530444013,4.25954716872052,1.65091592318611,2.80535959842841,3.23292843117894,3.53589110657832,3.06287890471301,3.61972069290233,2.20759016822091,2.21541602268856,0.933944542844722,1.01415250330063,1.00857405778359,17.8812149420782,19.6137408646752,Neutral
2.742252431655,6.04503979314792,5.29053457627418,5.19768762258903,3.42486095240795,4.49322520771794,7.55608832701111,3.99514136225222,4.66614617860066,3.4672365246504,2.06211595252554,5.57276973184311,3.1360655636269,2.15570354167757,2.51705237802865,3.7045254234742,1.73118793930954,7.02643907253033,2.98221498867489,2.48593620780093,0.576509136117353,1.07511666579241,1.12080833971437,10.7947766866022,12.7911326112637,Neutral
4.53890076108501,11.9992179065206,2.15042641555388,4.99075018420744,3.6601421280808,13.0267865167037,8.50972685025481,4.05331705776741,5.03526065745778,5.81357336811982,2.5237944769688,3.98282353230884,3.82088320203972,3.02779752844793,2.41162425515901,5.38243324425937,4.06468297770172,7.46273432186603,3.16084816273568,2.60663763768785,1.03479622386915,1.36368402144336,0.871795233852013,7.94021272974369,7.87936659946085,Neutral
16.760663047598,12.8350745909797,5.40457918475152,4.07026792715359,3.76690726123524,22.6569941553767,8.92893510489161,6.65181241584067,5.02806993715082,5.7576008514205,3.43977589826107,3.42585351784539,3.43677753758099,3.46910481864196,2.59260692477851,7.50914599481444,4.13049755846248,6.4277857344076,4.76757825939824,3.18480414416054,1.39254577691103,2.66243763833269,1.46529685694129,4.91153026603367,5.0597103914835,Neutral
16.1007946861473,8.72175304626908,7.96318316590698,2.63238304123112,2.60204893528218,20.406155281038,7.05565817126089,7.73805216615232,4.54845557304312,3.4040030290388,4.55955661688735,3.57867342532761,3.98565865005558,3.10169646550084,2.77620036972346,8.4004858913624,4.42975278111599,9.1115925103064,6.55206395004941,5.29896459955998,1.56920380622651,2.16837129721306,1.72738006165094,2.99359792007327,4.13351531142274,Neutral
3.52692286741136,4.63416249705669,4.26268150554759,3.47937070208267,2.59678429790309,9.24535564408611,4.54884800586847,5.90768626380084,2.97325953624136,2.42359749983444,6.35207473993889,6.22763632014124,3.88990931867319,1.5497985475282,2.3823769362538,11.5437268737693,4.65795174621231,16.286348471111,6.33840169547085,6.45113613063141,2.06235597795557,1.30048416903044,1.94720719436012,3.69023927118446,4.28795331942169,Neutral
3.14479513681419,4.64889332154216,4.79908487803998,4.25968113679552,2.51568441656757,9.16932453331231,7.22153820017874,4.38454421889436,3.22659863989488,3.45450595389733,6.60883120972423,6.41641573170678,6.09443374428539,2.60279587768642,3.96897440227433,6.85511643288601,5.52653048472496,12.4061932215511,4.62542978972407,3.3060582797704,1.54717909457191,0.569197500798553,1.79941485141068,5.79934213712465,5.38417505753981,Neutral
1.94647873270167,5.01326361772276,2.9324972106744,4.56535570504075,3.33385077283945,7.13748206565649,8.94046766007191,4.7290623660899,3.29529796925595,3.18473912260732,6.55699369637375,5.59361165019572,5.88023518807204,2.44679780707739,3.81423336551011,6.82289941925179,7.16886910758336,5.79545235102938,3.12369051949255,2.19997235581474,1.46114871918544,0.651251762804709,1.84623190049651,11.0453310384544,12.6211178738185,Neutral
4.17075027851655,5.77827777012019,3.26384350971714,3.54953426078171,2.72597166752586,6.67073310357194,5.05869441677479,5.6570821280149,3.24083351856503,2.26206027229513,5.48728089599073,5.7583974733777,4.79464456970755,2.66965071674961,3.88880189459344,7.43717961389751,4.52119118578043,3.40257159130939,4.54249815169278,3.37353126958278,0.752188080304939,0.811803489559468,1.1783318110748,15.8759973064938,17.9463716070344,Neutral
10.6375199313844,3.84610865242006,6.91149631049541,4.14478755608078,1.58049932386844,14.0252222346732,4.54724066697323,3.64098358976434,2.90072992467911,1.97344506972058,1.80787461358304,4.01363465732338,5.56332411524067,4.34874960406778,4.55981785244806,3.7162453231468,3.31984576890821,3.80434499110069,5.43147168280361,3.51981909362924,0.617070097252676,0.614763029933351,0.88701161853662,16.8078485658728,17.4395998685539,Neutral
19.0214366628352,4.81457558818998,7.42961539663708,4.74345383442315,2.37215853373176,30.7304885925392,7.65022807869431,7.92552491985278,4.03206796758526,2.60946654918068,3.42758944918878,3.02512310200723,5.16780861570838,3.62420246382614,3.38423560734606,5.59427490730078,4.66503495767352,5.02535457485592,7.57314748156624,3.51622493232138,1.51490206331172,1.2077992211907,1.43316886403911,11.277427491808,11.4480890026468,Neutral
6.61626194755129,2.53846676954555,4.34335735016596,4.23842485657581,3.30082724114231,14.261496508827,3.68229523413956,11.2640130596929,4.49230084777698,2.65809363078946,3.33576116847656,2.81506584114697,3.35107213945273,2.62624771570655,2.90329398154632,6.81376006380178,6.90768244460064,3.26030729474382,7.62089379526293,3.86333183314537,1.67924767802195,1.25855202504131,2.51641983022451,5.11163561360414,5.36409288539439,Neutral
12.4249238845994,3.49148906751654,4.44268636581717,3.75528321586445,3.06043863205676,13.024574889285,4.9706488866193,8.42388336524458,3.651754486166,2.87285143421764,1.61480688807949,1.95856525208704,5.76213343621197,3.57393650733815,2.82259594443194,6.35437666889765,6.64480009931613,4.45309281615327,6.86004013147672,5.290629826461,1.43784690196185,0.515054689248256,1.54650192689109,6.32758724634296,6.38497345479961,Neutral
20.5660455288215,10.5573181290463,13.8274090235075,3.05880601762919,2.80746021192083,23.316004174699,8.68088517455209,7.15083712704281,2.31025335258702,2.67083879521188,1.79455366770994,2.14140103455544,7.59819866226907,4.62948397125892,4.52587592068084,6.57243820336832,4.51709561361744,7.06938266434654,4.28574566120864,3.76670724991083,1.72112933475544,0.7685840344732,1.32934012848127,13.7924368845142,14.364210029501,Neutral
20.3087651370141,14.827401669618,15.0440912423074,2.75535700981987,3.05432427010172,24.1377940418323,8.04617942990994,5.82700648353237,1.4737186271509,1.87072602093746,2.29793149504624,5.22181953047265,5.11278065272541,3.01038752876701,4.51586262586442,8.3747939317257,6.85646820783299,6.52440938434812,4.22135494245719,3.57417035155095,4.21088387111564,2.04549579991725,1.26360381983067,14.0054343387322,17.0478090165347,Neutral
27.247736963861,7.72061267459761,8.63995134028943,4.25618584148791,3.63030528367821,33.5210802743181,5.67385435651494,4.26117735255619,3.8386024710844,1.9690296291802,2.4031994992127,7.09684617491827,4.235608515871,3.26818819163944,4.11811302619708,4.44416731883096,9.15430036832084,4.95504984691154,6.46093870142033,5.70434554588084,4.02850500438608,2.31001506775286,1.29936883470349,6.0568949987341,8.59993382088772,Neutral
12.1587493345911,5.54733787193399,7.02471972101363,4.21124605554827,3.88937261676758,12.7769160231135,5.25665428734056,6.48353334613212,4.13920526854729,2.69563926069759,1.74234687773141,4.8914468858384,2.970659446981,4.52092025392545,3.04164239791865,7.82728640002908,15.1050969585576,7.91141747217723,7.47046946298566,6.03110897670269,1.40829459358611,1.26348779637327,1.22349098892562,7.99134778547376,6.48179782203443,Neutral
11.0051733156386,3.66377099579749,3.37655751340884,3.19066329467704,3.80643939063988,10.5600923152664,3.97385417675363,4.15917123523449,2.8136335813277,3.10799429208252,5.00490475221555,4.25273611781366,7.59352830762975,3.54707859953386,2.82527507591602,11.3158048640567,12.2932268337388,14.6509529387823,5.80491044032908,7.35370912656476,0.459547957611243,1.57321921829313,1.68497026973471,6.25225640695801,5.83987249049199,Neutral
7.06256997837094,2.40184028241431,3.35346147459666,4.32510412812412,4.33739904764119,11.2148589623312,9.57101799924005,8.65543992264339,3.31548757598101,4.12444446879998,7.63522788297178,7.35505192343043,11.3308984935279,3.76717907273642,6.17098725310503,8.50672919088035,6.08429536644181,10.5298187539184,4.64075904121224,6.1201911441053,0.841087531054079,1.68966106466328,1.84920047574938,10.1398936185532,8.2965448080264,Neutral
6.85700915896505,4.63131644516397,3.58104228944981,4.48637502772724,3.18695919174147,11.775347151829,11.3190770169694,8.04308474632823,3.62187334211392,3.68730006304161,5.00137117710342,7.37207216011334,4.94491580036003,4.30087975712494,4.48641563692561,8.01373062649843,5.47453253084993,7.87538398425052,3.64485118344917,3.83304197368851,2.06466108040305,2.06831284299473,1.24570427362575,11.5107086002085,8.71835884784461,Neutral
8.84627251358616,9.67412373386146,6.2889061099541,3.90425601010797,2.85689836269177,14.2057585833867,15.1163839240389,4.18467860781569,3.2501660913876,2.97776612062641,7.26207783536644,7.23556947444911,5.85532979856662,3.5227079130828,3.45794100077565,7.52681918866006,4.35291261865205,6.89686068808917,4.98209559037727,3.72902730778645,2.0891234023566,1.33970992262429,1.06950145398248,11.2832925815213,8.34766586685725,Neutral
11.0701296971754,12.1333950713561,13.5032174028479,3.12779554640833,3.08663817179924,9.42434413613799,10.4172683388899,5.47949667509921,3.12163483742638,2.80909463427052,8.88745118712492,4.51057737316437,5.24209312727011,2.97238195912181,3.17065886556885,4.33041167741443,2.85983034562652,4.9853252688169,6.98058455631786,3.77756834395077,1.18453527215131,0.674083113963127,0.714373671207123,11.7401808917264,9.20487043777906,Neutral
7.30176837948226,8.76132866498012,10.3939670630893,3.50670873990942,4.59630548186882,9.14051388507394,7.19192823436616,3.97298505077387,3.52107879572143,2.32833072785356,4.3021207592895,3.98060494796994,3.65359481828685,2.45519990048417,3.37149506498577,6.78425850345502,4.23364274209876,4.9085231895501,7.43148551296551,4.31966574166945,1.71694622452761,1.14217652125973,0.482459956570127,10.1856000583694,8.45641848046839,Neutral
4.82674434240893,9.61042737836581,11.8095341639665,4.35783315218165,5.16887602662672,7.77886220766392,9.00791981989458,2.59546952641322,3.08247477055262,2.34695527840878,3.93303588423802,6.26652398558564,1.92147223572548,2.67466274931778,2.82071667973788,4.91410089343549,2.34879845849587,4.61055972024493,5.92054137876653,2.97436729504706,1.39537672186593,1.8005290990045,0.746946517233398,7.86128772895597,8.34309864828164,Neutral
4.17120671716609,8.71351004449021,6.92347502724136,4.56371792251254,3.63573919776392,5.93303458977247,9.21005883548239,1.92502636497323,2.99271518801519,3.22680791892287,2.65816902094908,2.94643409588105,1.31961275177975,2.03785173682103,1.95511461840539,4.40542293506762,3.73289564345236,6.27902269020528,5.83872720283054,4.03709278257785,1.15501768395888,1.16976937498731,0.466296055474254,10.3590295614859,9.92802649752587,Neutral
5.89644267806851,3.62720286981699,4.84796000179013,6.48718644133684,3.21006414280968,6.4274388983877,7.24980811645041,1.07448325485804,2.48294787441616,4.33585176301268,2.98429976080859,1.40580598313789,2.41149572131707,2.20917624434568,2.43659617898266,4.40975789913689,3.9889996308491,5.72992739415963,6.74127662480775,4.00946004080987,1.09676825106389,0.611519997122746,0.608295825398735,8.78265773606568,7.60976488916484,Neutral
6.56059507830926,5.33692704173645,5.69427785059928,5.09199145185581,3.58045249726186,7.46981152791127,7.3756041646472,1.65523898862867,2.90474599687645,3.51358974690094,4.67306462847327,8.15220749219722,4.15207828203557,4.80895793492314,4.26063609592836,5.63536028275237,4.65933151148968,5.6297648747207,3.91379089069454,2.77297309763215,2.04678662740135,1.16191833610212,1.84719980812943,9.39664747245259,7.85428716186624,Neutral
6.56435748788693,4.11624443617719,2.76045897414274,3.35970642865336,3.32607184698532,15.8312505893519,4.81011453239585,5.20475490253017,2.1853230078432,3.03892447428355,3.46301030766169,7.16672833304644,5.89054814608572,4.91667704921081,3.85045793329025,4.03022430065872,6.12652261826997,7.7197218871797,2.54185183842947,3.07801788602989,1.99027791409325,1.59066208679146,1.47577124507104,9.37529888399094,7.53208027693952,Neutral
6.16833095753379,6.48449470087486,2.82755956085239,3.3044152073159,3.34002583141431,17.7178593335342,4.3961969326382,6.91852416100705,1.66980512612081,3.55203908554836,3.11986013459113,3.10073403543737,3.77897324105538,3.66887079901175,3.69166521288223,3.66471941885064,6.00311866794861,3.68632048513557,1.6479692351118,2.56866611119458,2.10459138744227,0.979204627723486,0.830733231415964,10.2104289491268,6.98332399032101,Neutral
2.79835747663408,7.17610108553319,1.64572466331013,3.39940044710718,2.55526220327716,6.21552740422671,5.42450237521294,4.00418628041527,2.31125174164895,4.35422346554074,5.79730562115618,4.08981586936182,5.97989468813485,4.03757088496537,4.32457398701635,7.10048593002403,6.52378189415891,4.95083764797144,2.27726395824021,3.00203564799512,1.57162028898539,1.08079370172985,1.28274379423494,10.4282352686862,8.62914931691714,Neutral
4.44418301048773,6.03809975569293,1.39528396463309,2.01122783384933,2.89389592628873,4.64118149610271,9.80139333428499,2.91647755048821,2.47664068334548,4.07931077040824,7.26718425897265,3.19142649212389,3.30994550169221,2.60436124903639,3.7140187249051,8.16026693238962,19.3723353503933,6.68230864217001,3.79584391544402,2.70633648198795,1.20074920498651,1.51919527827196,1.23071835970011,10.3600323150381,8.25696031621458,Neutral
6.541612098854,6.02264139076496,3.34802469887978,2.91538358432816,4.34234946952626,3.56847084949844,7.70564648493758,5.20253491718823,2.19945913811134,3.07497602694808,3.54009821660573,2.88389763640866,2.89056995082071,2.50338495745904,3.18683713251886,6.21804053408602,21.2850407242624,6.43974613050233,6.53877801194619,3.39307894344147,0.948182569507,1.44072793061262,2.11877658795256,13.9978045474606,11.4784658888786,Neutral
7.91302919103054,4.00430512005162,4.8006989723807,3.68526038130515,4.50001740583431,5.326938825865,4.86023997234492,4.97857187582437,2.70559016280548,2.10221859068892,4.51592276299713,4.48857265314076,4.17670260398223,1.93818386094545,2.62283132416976,6.14651892581418,13.4454623177796,11.2488913978318,7.13971612552912,4.24127275082123,1.25902207042025,1.0830597018571,2.11478262069247,13.2605970122948,10.3525574924237,Neutral
16.1166956941929,8.01501370314289,5.05861956137985,2.50547628428829,2.36843970616187,5.23640591561732,5.83977362614804,2.86991883777095,2.44160034265221,2.30061196851428,5.41977550244142,8.22356321851286,2.61374595147665,2.23427805080137,2.8648250207187,9.44773023969499,10.6999014866656,8.8672707025491,4.76155203180053,3.80516406965184,0.869188458815543,1.50851462941524,1.51055465743176,11.2940973604254,12.0959853031918,Neutral
18.4485131805885,14.2232363442781,3.29454175169437,2.89043298633423,3.17120862437753,7.05395269820831,4.29848356579268,3.3095103951686,2.88416818842169,3.51042971617582,4.25258215839904,4.66678585635248,1.6222914305623,3.74907226693667,2.88058704474888,7.55027163761183,6.41930831855629,2.60045849021309,4.24591300500435,3.90727102321021,0.978285368474437,0.805482194123313,1.43617257580903,9.45218061550668,9.43734571346462,Neutral
8.21116015585426,12.0843183253222,5.45117695029632,5.68312627628793,4.53997566576734,5.75091758960015,4.38988466671178,2.07602441431361,4.34349411626025,2.79943251531679,2.93558868981211,3.66441319786786,4.73752767933052,3.67494484398504,3.160801940624,3.27849161606389,4.17607026336493,2.02562565924933,4.13056627554594,3.38634194010473,1.03593665687113,0.19185204998062,0.955475851544883,14.1463656024222,12.1222466117971,Neutral
5.07105538896986,6.84595027524639,7.30562497891613,5.52507802952882,3.81191152825257,4.96178317039902,4.94115920667932,2.55235024511135,5.82687692128306,2.34633023174181,2.92845214448701,2.42184007365387,5.46368885223433,3.18706130216026,3.20994346663259,3.53998362194474,5.30836452508414,2.89709609786413,3.90739014612102,3.3877942078401,0.907999303816541,0.378183097088734,0.431891383936858,10.6866820667923,7.74181395561258,Neutral
9.12236066423788,9.73526745803897,4.076517064836,5.18354128433264,3.65967081731894,14.5246171271427,10.0756215022332,3.37141375219172,4.37205770756717,2.67580187162902,4.05915082615705,1.62623179982674,2.60632877687816,2.62118403067071,1.97968760786798,4.03367624667196,5.51677415974038,2.22897263015975,2.52533559769847,3.08506239697337,1.51452196285479,1.13649647545202,1.27349160052865,13.5978388289612,9.82331914800327,Neutral
11.696051600826,5.88081191275146,4.02687544435988,4.01086978375619,3.27403301924415,14.8955370431699,9.17755821547447,3.45271135323138,2.94678767379368,2.97658821715177,4.03095678511825,1.72370510976283,2.94214482984939,2.13585917784854,2.6256368044937,4.97206894108318,3.10292720382287,1.75141164322516,2.2548997922282,2.82436293065245,1.2314369375775,1.47464704910477,1.94183513110165,10.4728047856606,6.800801086584,Neutral
