Theta, Alpha, Low_beta, High_beta, Gamma, Channel,,,,,,,,,,,,,,,,,,,,
92.79356315,34.75868182,19.48288887,9.936362641,3.97543848,90.04771475,34.29257003,17.36071376,8.602091509,3.286533935,98.92935986,38.68373819,22.55987563,13.8400805,8.433533906,93.58070551,38.38389486,26.23026811,20.23652658,15.32180067,98.27887847,36.13265433,25.67350903,10.74433731,12.95197595,Neutral
9.738808216,2.963695173,2.889293283,1.446492568,0.996647619,5.409381665,3.287006598,1.448293149,0.975553283,0.952882213,2.213411521,1.765176937,2.699565147,6.225200088,4.035888091,1.941792994,1.157921447,0.923989556,1.874125699,0.955044666,0.777617093,1.882398957,12.63107821,1.122649286,7.924507873,Neutral
6.448534715,4.681240094,1.739356677,0.980972762,0.839760863,4.502852106,3.258342652,1.12637598,0.943917429,0.690007829,1.598741921,0.848299332,2.195608903,8.234934451,4.512234493,1.690498709,1.636398569,1.250129373,1.221530064,1.15494363,0.629976343,0.901293181,10.76324834,1.249295458,8.412079851,Neutral
4.691318252,3.921796005,1.456194861,0.616955712,0.850668048,3.382966177,2.701204155,1.164704292,0.60115565,0.621591087,1.503383042,1.159818949,3.040427417,4.811745884,5.8793091,2.205663347,2.520255717,0.989346897,0.918167404,0.931535805,2.227496703,1.289735683,7.373887734,3.044077139,10.35596792,Neutral
10.81539536,3.240592463,0.911823478,0.783649004,0.795727373,10.05371992,2.830187222,1.922274456,0.648146419,0.53394921,0.997705295,1.651914423,2.990474091,3.045958903,6.542159194,1.824488137,2.416429652,1.286856283,0.992736974,0.882190104,2.994224643,1.258713403,4.680157716,4.915746598,10.35199372,Neutral
14.3624494,3.877762868,0.877186784,1.425162025,0.874799685,14.98310839,4.383389112,1.376933859,1.283566181,0.519997941,0.805586372,1.45166238,4.016857089,4.610944841,5.677621241,1.396836708,1.616665566,2.031559186,1.220293501,0.828983444,1.249490883,1.555053462,4.022410162,2.6125628,9.090229543,Neutral
5.114340665,3.467618827,2.059712466,1.488676023,1.058575253,5.384565919,3.842759314,1.816827714,1.252045021,0.616796012,1.874791139,1.659325485,2.020838894,4.219494469,5.785007063,1.772593868,2.403607007,2.412101144,1.134742028,0.807252569,1.72026974,2.145769258,3.46948021,3.576685686,9.634417134,Neutral
4.358230973,1.933065036,3.131025364,0.646983872,1.075871139,5.148264005,1.464030131,2.872486032,0.749273724,0.674325389,2.567874735,1.782995337,1.717313931,3.031556992,6.122224752,3.452217225,2.038017174,2.580507692,0.75927543,0.70949277,1.386912551,5.495486632,1.939668838,2.754898137,7.876403417,Neutral
4.146939644,2.202003957,2.699311097,1.020179285,0.881455354,4.813991836,1.290713227,2.641480137,1.091036222,0.698623502,2.068378392,1.110337667,3.33704299,3.511316279,5.110624508,4.104445666,1.79250368,2.256744683,1.090563438,0.653102038,0.481954348,5.014957663,1.260895404,4.011370559,8.126650129,Neutral
3.546748515,2.138302737,2.477338429,1.263643122,0.772902986,3.866325602,1.385451047,2.069290924,1.514708501,0.75311054,1.029934633,0.851487091,1.981807514,3.998346148,4.935750175,3.532996298,1.790846202,2.26607552,1.411925835,0.819817526,0.67713792,1.95765985,1.558830716,2.419531277,10.17682843,Neutral
2.882281485,1.78020745,1.454064827,0.877345543,0.811272015,4.724982247,1.631656224,0.753906837,1.203091391,0.611709953,2.223303485,2.063179465,2.689936722,3.75086198,5.143189676,3.996543886,3.165379506,1.677726814,1.004295605,0.92973772,1.408315179,2.967660155,1.710210747,1.809250306,9.928452545,Neutral
3.839121146,1.558319847,1.186562225,1.231892658,0.759470751,5.364045512,1.885072991,0.77004361,1.032083688,0.560043904,4.155840337,2.82557993,2.638084335,4.827302829,4.530763496,4.022032978,2.437626623,0.884558896,1.237904398,0.940643273,1.248226392,3.311050221,1.125412459,1.600852503,9.91919495,Neutral
3.250674644,2.037830702,1.837825694,1.463303667,0.524337603,3.575504547,3.236346646,1.215863935,0.872703895,0.478238025,3.309415045,1.600085186,2.739382935,5.674941431,4.233201568,3.477911841,3.093219856,0.835787796,1.446397523,1.028864618,1.001243565,2.524111427,2.74998469,2.175412826,9.741322268,Neutral
6.34992014,4.198006191,2.290028889,0.922767281,0.566315636,6.832644364,5.70026026,1.592054134,0.627876297,0.561262328,4.962442994,1.862496071,2.305751761,4.402449838,5.426231631,3.484273162,4.836458849,1.468741642,0.883353906,1.014847255,1.117723118,2.329366228,4.691814181,3.198966997,9.624522465,Neutral
15.51135659,2.432107869,2.400630285,0.879700192,0.898663067,14.49128915,2.01693266,1.942984175,0.758089785,0.871896545,3.801427274,2.91763356,2.380132689,3.763409071,5.736476917,4.255802792,2.096613054,1.812067717,1.107371034,0.999405311,2.283536222,3.382027533,7.137232549,3.473789134,11.49149154,Neutral
10.81155091,1.175986416,1.530231479,1.025881604,0.974363592,7.710578957,0.990615215,1.402510998,0.905983984,0.881546028,2.231499969,3.392853488,3.847438563,5.258892935,6.551762011,3.085741071,0.869510427,2.401799393,1.376221462,0.970138422,2.565819753,2.243970787,8.15629529,2.41474576,9.870557607,Neutral
6.703205595,1.681448905,2.01860911,0.909086701,0.838983763,4.131367482,2.089102145,2.183291801,0.915656119,0.582646825,2.82178444,3.264578023,4.078141753,4.458269606,6.677469157,3.01728317,1.582081121,3.325284824,1.085368717,1.153865763,1.467361435,2.256801969,5.907945755,2.577937328,7.377349589,Neutral
6.703205595,1.681448905,2.01860911,0.909086701,0.838983763,4.131367482,2.089102145,2.183291801,0.915656119,0.582646825,2.82178444,3.264578023,4.078141753,4.458269606,6.677469157,3.01728317,1.582081121,3.325284824,1.085368717,1.153865763,1.467361435,2.256801969,5.907945755,2.577937328,7.377349589,Neutral
5.999663849,2.85589212,1.734677222,0.747255678,0.697148349,3.845866823,3.320631208,2.350157667,1.053120503,0.547672874,2.493733992,3.432525878,4.989186281,2.399615489,6.217706538,3.053883697,3.503998403,3.091520173,0.621827365,1.094983289,1.818348955,3.798648367,6.876097787,2.79608616,7.273576949,Neutral
5.274578661,2.064454852,1.387481602,0.902577014,0.756209572,4.959544628,2.591204742,1.184870968,1.000449819,0.609285894,2.78247123,1.827784189,4.187393051,2.906783272,5.307730263,6.156548597,4.686482958,1.632743688,1.005385778,1.007550072,2.608545552,3.595522241,5.549112479,2.992903105,8.580455067,Neutral
4.025932065,2.037097518,1.108050654,1.062668791,0.690712416,4.466196486,2.062102436,0.874565806,1.169286589,0.486047532,5.209296433,0.9489339,2.773904326,3.789144476,4.783893934,7.479316474,4.178140424,1.539590346,1.139048909,1.093998284,2.307085747,2.027163166,5.420507231,2.492506739,10.48997347,Neutral
3.999808014,3.13677159,1.055021971,1.355671496,0.614942268,3.762825526,2.421298584,0.955571912,1.246603422,0.498789328,6.521021848,1.207126897,3.451999596,2.21519344,5.654339851,4.270908404,2.781320626,2.289931927,1.218462794,1.012906919,1.88207115,1.951528601,5.5038564,1.754343659,9.614283346,Neutral
2.366717915,1.796817977,0.758774569,1.140207585,0.795598307,2.002957852,1.399647083,0.728905191,0.846288217,0.684087138,2.887033463,2.107969995,2.609798009,3.143539846,6.717202246,2.664391953,1.406630365,1.143066973,0.984386925,1.031895234,1.695238379,1.477177343,3.499456662,2.670438881,11.63656668,Neutral
3.322480126,2.330541198,0.793561947,0.866269427,0.704908108,1.747011996,1.791991639,0.439046588,0.594582344,0.711403465,3.055448296,3.081549373,2.915746683,4.81516963,6.747193586,2.001832739,2.354628363,1.294659165,0.926324321,0.861582663,0.969851675,0.885620088,1.81687571,2.796219741,11.25327808,Neutral
2.663480488,2.6261564,1.075695169,0.532898403,0.662316503,1.313701749,2.184800948,0.499438023,0.375390715,0.471636714,3.656320634,1.564341279,4.785079583,5.95340899,6.815525572,1.885641741,2.749760215,1.473286093,0.496266605,0.73973641,0.869145963,1.079244923,2.253030665,2.140806317,9.404580446,Neutral
2.618656873,2.41780932,1.083282695,0.72686404,0.742999449,3.5870044,2.661187771,1.115772431,0.545271407,0.424298845,3.723366673,0.872151795,3.992113842,3.347966452,5.107636051,1.857391957,2.240529345,1.01223881,0.663319256,0.710412626,0.832083853,0.982997408,2.690646792,2.451034329,8.672269976,Neutral
12.19347781,3.744855966,1.990071445,0.978767647,0.682133168,17.46827071,3.1515715,2.420911901,1.145655482,0.563360125,3.803198047,1.669469635,1.78434881,3.055645634,5.623357886,3.09189921,2.185163236,2.464333994,1.187350119,0.694855528,0.663134082,2.115345671,2.843980328,3.238747584,9.360763071,Neutral
9.949608005,8.378227626,3.364281052,1.584463534,1.043878004,13.50044447,3.806244834,2.656512783,1.470920447,0.762280224,2.518456131,2.629719493,1.819939895,3.41232834,7.076178385,3.767400191,3.226224345,3.638462269,1.72022856,0.81835828,1.104976264,1.611403126,1.720962696,2.898926902,8.673047743,Neutral
4.300366701,8.98196422,7.20330668,1.832231805,1.368988196,6.372780149,5.46576672,4.565700817,0.994684639,0.885310253,2.195502375,2.66735772,2.195926988,1.906337685,6.574549681,5.23280122,4.94844585,2.463272998,1.364014599,0.964855188,2.264698989,1.354405231,1.600818308,2.364358431,8.248868337,Neutral
7.434598683,4.317214818,5.461664731,1.830202519,2.066175399,10.06645234,4.149520273,4.559432038,1.737432319,1.244659296,1.293774533,1.847764965,3.382951013,2.412881101,6.472804536,13.36413433,3.667910841,4.253652339,2.366213209,1.357917431,6.088722087,7.182620802,3.448495413,6.361778804,11.25731673,Neutral
21.66344625,11.08357771,5.079686851,1.979701099,1.522540839,19.63429672,7.806542589,4.754515657,2.540599996,1.008803857,1.185010039,2.171417925,2.570016307,3.698818128,5.864458046,29.78954502,4.694148385,6.479642921,2.635409793,1.298955669,4.359730112,8.740290208,6.196260886,5.968850124,13.2791541,Neutral
105.5192935,46.69735547,18.88025266,3.48760699,0.839818051,87.33893618,36.93275112,16.65087842,3.277189998,0.844439113,4.750710665,5.073112974,1.050977942,5.843731006,6.427636097,123.5040061,36.1345535,18.65923772,4.27509373,1.259970165,1.866350715,6.474410811,8.345140849,2.074717416,9.795990295,Neutral
101.8055459,32.8053728,13.48963672,2.991171856,1.023638565,83.4899729,26.48566141,11.99461989,2.459302015,0.945850839,4.60522883,3.755774305,2.78589482,6.721001161,6.010650385,111.8973194,29.0088594,11.88815464,3.264183329,1.406154668,1.176043031,5.456311497,11.69066344,1.929032817,6.277986056,Neutral
9.75460251,5.254282584,1.973396419,1.272656731,0.841086945,8.266234452,4.688966428,1.672844867,1.199949324,1.095469154,2.290407976,1.742080668,2.313050719,4.419651248,5.0757172,9.097308142,6.157936105,1.11386076,1.258125597,1.671809383,0.855430167,4.705910235,19.03186153,2.854920424,5.735683399,Neutral
8.436306958,6.040759563,3.269296228,2.279056145,1.539321364,5.498586377,3.851288923,2.109515961,1.927644978,1.496658849,2.291318387,2.31320559,1.989134264,4.401101953,5.376166965,8.983990753,4.040084485,2.512241411,1.911492751,1.894153331,0.924209934,1.971625423,24.83111626,4.393225806,5.232410141,Neutral
107.6059767,67.394871,44.10882825,18.88808326,6.492691565,88.90732218,49.91920343,36.59374315,15.73871132,5.835706618,5.665914541,9.113159923,3.978017576,4.979494645,6.201599272,118.1587382,66.99704497,46.23932167,19.77104973,6.264554286,1.983987475,3.090176988,29.07096706,3.761547218,4.73880339,Neutral
721.1043349,339.9945944,300.3814835,103.1243807,30.00011128,605.3006212,264.1976316,249.7485447,85.65485719,28.15084302,24.87936514,18.90232459,18.59717544,14.19468366,10.29065249,780.7041117,348.1779818,309.6803618,106.2226882,31.53224941,3.910845024,4.854657924,26.43629561,3.339511279,6.150355336,Neutral
400.5379069,158.9220253,166.1071535,52.54152665,15.67658863,335.3619609,125.4042329,138.4865442,43.62920385,14.94012974,14.06939708,8.329344618,10.27321284,8.483332963,9.008048247,425.7696076,164.204339,172.9241431,53.64138776,16.98754279,2.255460482,5.152145723,25.20071155,2.496437167,5.341720896,Neutral
34.84511648,6.640675414,6.993612375,2.090690425,1.280304968,40.90499531,7.062960199,6.283727141,1.682135548,1.527810165,2.511846488,2.607758726,1.069065889,2.79777333,9.485443549,13.29173373,7.274028245,7.195434811,2.144710679,1.524247058,1.572722747,4.477223868,22.54487324,2.401530637,6.153855253,Neutral
34.28276149,1.340457672,2.764668699,1.017227624,1.187369632,46.33765616,2.092488701,2.182652499,1.07948055,0.907396093,2.594794025,3.852309541,2.651089254,3.23801085,6.812171935,4.881835109,1.367141275,2.339565274,0.577499052,0.920632162,1.610044663,4.464509292,23.69923288,2.245942908,5.465229148,Neutral
5.725338908,1.266582039,1.491534591,0.89880164,0.96794664,7.287760708,1.721359263,1.275283885,0.990010298,0.632955246,2.42881191,3.104859679,2.830045486,3.980416775,3.819857949,4.100523831,1.507886021,1.256368882,0.749628777,0.74746885,0.805673024,4.833089374,21.91980169,1.524029295,4.538470949,Neutral
10.19744277,1.476711529,0.894212357,1.301979512,0.656384863,11.23478032,2.739587862,1.105378238,1.208418189,0.62746358,3.440499612,2.190494972,2.324153618,3.527101091,6.178129975,4.333663474,1.09565084,1.193276144,1.154744809,1.05760392,0.982216211,4.075342709,17.93971636,1.771906679,5.279883627,Neutral
26.87306432,2.306681888,1.720703998,2.229857465,0.737820794,29.06486895,2.876118297,2.305393051,1.907132114,0.588064224,4.223925029,2.363345158,2.485767556,4.200791642,6.425158814,2.915476069,1.900310822,2.221440648,2.035377311,1.252760257,1.277619442,2.814473471,12.42819771,2.388485333,5.581872823,Neutral
18.78718424,3.193941911,1.56546485,1.543936528,0.622512976,20.18362891,3.393870518,2.513594703,1.467036609,0.471819838,2.203660719,3.127533134,1.484874133,4.082689435,5.017179659,2.839595282,2.39385558,2.255033207,1.212544204,1.337674883,1.271388806,2.217815742,12.26472237,3.135860204,6.44544606,Neutral
10.84061596,4.650508526,0.913621422,0.601233292,0.743905303,12.71596295,4.683056155,1.19819467,0.53100957,0.511845477,2.560255692,2.824056931,2.405139766,2.99624862,5.627753583,4.130444201,2.478329195,1.429692074,1.036988476,1.32505805,0.85310489,3.120494628,15.46055289,2.859318179,6.762727013,Neutral
4.621235367,3.735418312,0.996495642,0.741516828,1.10521536,4.100399901,2.515632108,0.921807819,0.769609269,0.723073457,3.610409499,2.342866063,3.269348866,3.70745947,5.25185819,4.689624289,2.300393221,1.340728407,1.132698365,1.152925395,0.599792851,3.687493494,16.24154613,2.727182,5.825723412,Neutral
7.087066357,4.636220495,0.87952213,0.978789448,0.939770838,5.794985578,3.406085748,0.820590438,1.073626245,0.672662115,4.976416927,2.189059922,3.391459344,2.874758452,4.97283933,5.91213832,2.488298562,1.390145679,0.814154742,1.226437533,0.79746478,4.002538165,16.35159163,3.142912279,5.030707164,Neutral
8.108518076,5.097277197,0.890598308,1.098711363,0.895651322,6.555260074,3.480708327,0.545792055,0.994230674,0.806386277,2.64756634,1.843416525,1.849821579,2.875327608,5.474684388,7.598474081,2.789891271,1.812907734,0.98156127,1.285962585,0.764696555,3.375745711,15.36456608,2.61626365,4.866389351,Neutral
4.930960535,2.065632705,0.58290239,1.172916069,1.008308682,4.286043193,1.509481441,0.611470997,1.07009186,0.868162696,2.509349048,1.229678797,2.85953497,5.077446843,5.324101748,3.842084246,8.703174262,2.460324577,0.905318057,0.870445379,0.653929299,2.572985488,18.75479351,3.054925551,4.97514092,Neutral
2.518274149,1.739438922,1.499581963,0.921174209,0.809876068,2.381347652,2.475466136,2.059950963,0.813630015,0.871051703,3.262052668,1.819268137,7.196939807,4.807608888,5.166096277,2.559800165,12.49841015,1.740542437,0.764007861,0.763635801,1.416283938,1.858649187,25.33574873,5.520991143,6.026446596,Neutral
4.287282294,3.746893994,2.924230364,1.438279396,1.104756617,2.694998347,3.018902079,2.766598687,1.262172267,1.004621045,4.17641189,1.561474562,6.055915965,3.04414323,5.719098986,2.760991489,5.096794385,0.7461701,1.086665065,0.860575007,1.983843126,2.655589314,16.99636258,4.417053244,8.25430607,Neutral
6.282166692,4.753525018,2.751647652,1.611145731,0.994930902,3.717075535,3.341515374,2.182496287,1.32162923,0.818849476,3.621246055,3.764809269,4.052425435,2.992060433,6.373773505,1.908803565,2.249412484,1.905268741,1.897944789,0.527113013,1.079689777,3.327184238,15.25789066,3.518380049,6.772362731,Neutral
5.306068038,3.116872925,2.526558053,0.9895471,0.996792523,4.186654197,2.482188583,2.362939104,0.580140233,0.688171466,2.275759978,3.731913143,3.16207677,3.469019212,7.198822307,2.122369327,1.849983497,3.012742774,1.249864165,0.688181291,0.909724287,3.131325427,18.46394136,3.946859264,5.384674998,Neutral
6.24683263,2.064594853,1.074705152,0.729106083,0.857801451,5.264259888,1.07575278,1.968020211,0.519791456,0.687428426,1.196100508,1.656816242,3.319586131,3.072281958,5.935241967,2.304451821,2.918575195,3.08639405,0.913834574,1.021565381,0.62384255,2.57018856,22.57863924,3.600554546,5.45415004,Neutral
19.85099478,1.615321585,0.755123547,0.890958271,0.840847126,25.65075434,1.558075677,1.257772352,0.817091915,0.740201454,1.062758005,1.797982318,4.784521719,4.149813732,4.448294245,2.623831353,4.288085061,2.649822854,0.790310568,1.124644816,1.422344912,2.652560848,16.62324591,3.06081574,6.446162348,Neutral
19.03996692,1.947054685,1.00458681,0.99750128,0.924666208,23.11809309,1.752640014,1.140166769,1.045100824,0.602902187,0.864017238,1.905123831,3.688867217,4.170530647,4.186896668,4.875991415,5.07347352,2.081724996,0.688159464,0.843330843,3.314894547,2.475282515,13.61896692,3.212164631,5.800528925,Neutral
91.20490801,40.80174853,24.4232763,11.04295991,5.814004949,86.96134923,40.97772376,22.10564345,8.373711364,3.200895938,90.37936963,31.34991171,18.64083713,7.54390399,3.659668812,89.82515307,33.01463108,21.20855676,10.42031245,4.356896428,86.05106383,29.35922503,17.39393989,8.433041111,3.223011074,Neutral
10.29315325,9.746521299,2.736497788,2.023265312,1.054982656,9.449301895,11.51565827,3.616883715,2.46331003,1.213049375,1.713483808,1.550840817,2.224993387,1.041029488,1.892692606,7.109709917,4.140966789,1.59298873,3.28450906,1.821045954,1.670757268,0.839732408,2.433831489,1.755324919,1.250568374,Neutral
8.386598077,6.044963562,2.733476179,2.506100418,2.07300943,8.282529949,6.090306737,3.180618856,2.128688418,2.102184608,2.100388787,2.952118098,2.898902831,1.320716396,2.579169,3.642485193,4.117962929,0.949708141,2.754367179,2.899308639,1.583819872,1.829596135,1.583885474,1.815206492,1.49412332,Neutral
7.809552051,1.851553505,1.596003716,1.576840605,2.464033905,4.591455759,1.908805174,2.418261996,1.550240701,2.209510042,3.357974446,4.443129747,3.812941233,1.453478065,2.31751034,2.463024462,3.900199895,3.676093028,2.253968037,2.388392823,0.998850468,2.696953764,2.224021039,1.651468233,1.398083007,Neutral
6.030852079,2.37245754,1.652166237,1.560338741,1.196946261,4.368457094,2.823795998,2.13152067,2.439876624,1.212327415,3.068702922,3.437128484,2.332790635,1.500667652,1.712354424,2.581708115,2.348401732,4.13040998,3.182088747,1.251146549,1.963568813,3.348626058,1.088807118,1.22415321,1.356666485,Neutral
13.23523432,2.9864582,1.642867868,1.794806285,1.049844346,14.52112036,3.469538301,1.946891711,2.273718277,0.962835856,2.145687685,1.979976825,2.503775679,1.489350965,1.320398454,1.95366155,2.49152781,3.35433837,2.721500846,1.388128947,2.839062699,2.199610252,0.887314736,1.233265479,1.262684645,Neutral
29.3966016,2.918862788,1.817910446,1.146588593,0.706762459,34.62933942,2.368107772,2.339134321,1.628866591,0.540602553,1.148962168,0.78496398,6.560394748,1.511626991,1.168443687,4.644626763,1.906065003,4.679705599,2.12179958,1.220058927,4.407436612,2.385125985,2.27779584,1.477089104,1.422690481,Neutral
14.31512565,5.076882948,1.831613927,1.133137999,0.812271663,18.52950553,5.439678744,2.550720556,1.919137144,0.70532349,1.167109574,2.011232403,4.773116803,1.59673127,1.338025506,2.897892944,2.224708656,2.906078084,1.752277352,1.459671288,2.875213874,2.189739605,3.83128007,1.915946094,1.765913899,Neutral
7.404172267,5.444330823,4.394043623,1.119911427,1.175915788,15.17434705,6.7060637,5.132785272,1.152932517,1.146454705,2.654806881,2.953436112,4.578870313,1.186305008,1.678113581,0.637526957,2.531157383,3.680695782,1.102146835,1.253423367,1.699401519,1.481765667,2.523994281,1.512518533,1.764074818,Neutral
2.84977785,1.984340931,8.465349658,0.937774231,1.130385517,5.784950267,2.53434593,7.478796638,1.007659172,1.227908463,1.619718738,1.389120273,4.448150009,1.208673165,1.735415872,0.657325606,2.238651745,6.478812494,1.384549648,1.130197949,1.917776791,0.649028808,1.888379522,1.35499318,1.752464934,Neutral
2.784502413,1.479502971,4.580305709,1.234264459,1.358424519,4.269349406,2.572511127,3.929018406,1.379242814,1.635268996,1.32392442,0.826080562,2.535262318,1.971752998,1.37193365,0.969615924,2.734325934,3.31557763,1.606318726,1.741111205,2.562333668,0.594724821,1.823114434,1.533426129,1.505915205,Neutral
6.205085995,2.017929231,2.241093191,1.196423734,1.377117478,7.441819068,2.524555998,1.982101142,1.375286931,1.30968798,1.964827553,2.695695699,1.870501372,1.524655475,1.049441295,2.939225195,2.90236478,4.120899369,1.429136753,2.083934725,1.425226447,0.93163041,1.478302277,1.087892195,0.976890407,Neutral
7.770904361,4.519095203,1.977706069,1.476749907,1.252356099,10.17274,4.934729383,1.316335058,1.451220363,1.085743319,1.390574405,3.335387274,2.775583029,0.95464179,1.440569402,3.938958511,4.015818099,2.83486134,2.106608614,1.585480385,1.542504495,1.568441753,1.595472408,1.365728818,1.135820223,Neutral
8.93443574,8.348406478,2.739907402,1.419184403,1.195488637,10.44000213,7.526909344,1.744394368,1.203417478,1.019098311,2.033294607,2.695356233,4.023707012,1.070952633,1.643801146,3.671000988,4.375295848,2.237614897,1.607787043,1.05859812,2.238984251,1.558508238,2.760958199,1.357969849,1.263711263,Neutral
4.207351181,7.173102897,5.619772953,1.378718003,0.845299901,3.879119674,6.281372068,3.782017138,1.353047175,0.883539923,1.755614931,2.722871031,3.143542902,0.689712613,1.565886532,2.534115196,6.242646828,4.244351103,1.014220102,0.987398025,2.617839004,1.782093792,2.728545715,0.918624403,1.471414106,Neutral
4.207351181,7.173102897,5.619772953,1.378718003,0.845299901,3.879119674,6.281372068,3.782017138,1.353047175,0.883539923,1.755614931,2.722871031,3.143542902,0.689712613,1.565886532,2.534115196,6.242646828,4.244351103,1.014220102,0.987398025,2.617839004,1.782093792,2.728545715,0.918624403,1.471414106,Neutral
11.34720587,4.319092286,6.057236026,1.522388803,1.039963194,11.76259993,4.707995195,4.378585912,1.244517313,0.924532611,2.017821485,1.916982966,1.518333999,0.717357812,1.689924716,2.113162455,5.754591981,3.131923214,0.969852793,1.281063181,1.587177229,3.860070188,3.284308358,1.290457275,1.377724023,Neutral
13.2137016,5.751754984,3.020312846,1.216906632,1.522939342,14.30138931,7.150768176,3.985829942,0.844318367,1.043065946,1.611581987,2.099419736,2.219357591,1.056902024,2.030521292,1.568599878,5.499848414,5.009933069,1.1602396,1.796709588,1.08344587,2.804425056,2.800246787,1.474467355,1.152129896,Neutral
6.465112365,4.067990156,2.919445861,2.025289996,1.072431261,5.302326165,4.892277437,4.507047522,1.849862714,0.967175916,1.000498426,2.64732468,2.743708187,1.513636901,1.415797703,4.799123276,6.188702235,4.940494611,1.867715034,1.705225272,1.432910454,1.385573824,1.752936587,1.410601211,1.281666445,Neutral
7.809946664,1.918576859,4.271322651,2.204174713,1.235293457,6.496040506,2.140429355,4.652518232,2.172191476,1.222294888,0.745290405,2.20872835,3.037930897,1.254107261,1.559932388,5.411859424,5.718719671,5.024522421,1.743349349,1.676278568,1.284356591,1.585985247,2.184343508,1.140421398,1.850957896,Neutral
5.801453553,2.389542773,6.444063641,2.879331178,1.322206738,6.087369134,2.42266381,6.424164738,3.255791106,1.079212717,0.799735419,1.476857182,4.622352719,1.733456341,1.454548111,6.930124073,5.190064469,5.954265584,2.487439072,1.212747327,1.855449641,1.5990598,2.674116332,0.968408681,1.79435246,Neutral
3.657631956,3.114184331,3.853546904,2.066991332,1.25098744,3.408318484,2.699673062,2.768099913,2.449545878,0.843121331,1.260527149,0.800622994,4.744049929,1.878168032,1.500723086,2.840736212,3.357987943,2.348401276,2.723803603,1.15546422,1.267583009,1.110326447,1.842457669,1.118870791,1.376950617,Neutral
1.867690056,2.137512154,1.325582365,1.572901282,1.02684012,1.394233146,2.835327688,1.434441692,1.241863695,0.953558662,3.057074497,1.093440389,4.356309231,1.812533851,1.774661235,1.331259503,2.625521391,1.475615762,1.759016624,1.012170705,0.845651972,1.528219593,1.371356818,1.340411221,1.035493438,Neutral
2.940570899,2.376609141,0.999846569,1.821704334,1.163826003,1.071913102,2.65311119,1.562766272,1.329320897,1.048842507,3.327898895,2.08110175,1.5353171,1.389379285,2.076511944,2.442874177,2.937084984,1.03778458,1.744431626,1.067420983,3.270036608,2.645972995,0.988902432,1.499548915,1.079652173,Neutral
1.764860749,1.658853299,1.423956119,1.529233943,1.194145151,2.726534617,1.562361583,1.542436544,1.312570533,1.062242149,1.488209078,2.38433006,2.288476363,1.736366278,1.588467003,1.182941613,4.325065883,3.686223997,1.946045882,1.554138671,3.344598314,2.988654096,1.015359362,1.681066726,1.083690752,Neutral
3.086933801,4.361947147,2.303610117,1.558944124,1.156906012,5.061269819,4.522429336,2.051298629,1.144672409,1.146432259,1.080408577,4.547285564,3.875872379,1.315686777,1.400337363,1.996795003,6.534789083,4.169833862,1.914907387,2.109114703,2.588828512,3.396497126,2.409123094,1.386579759,0.843600781,Neutral
4.41429349,6.409140597,2.429548562,1.784978817,1.361241642,4.353333958,5.817695761,2.123534026,1.124563971,1.343110393,2.972993081,3.383526161,3.411062684,1.649056496,1.511441784,3.727329488,7.75444258,3.187391296,2.098570046,2.406990013,3.051923141,2.740990068,3.219729267,0.825980286,0.776905933,Neutral
4.564817104,4.399817496,3.0642147,1.584202443,1.546073981,4.600421316,4.399629289,2.626058281,1.231768119,1.791227524,3.562268596,2.009380471,3.120961936,1.710620459,1.742855522,4.272642887,7.051744648,6.413971994,2.502902511,2.730818271,2.227775119,1.278043778,1.80589514,0.992922565,0.980047912,Neutral
4.981884656,2.580546195,3.120050715,1.491992523,1.176241177,4.123242439,3.460481942,2.419002062,1.331650641,1.280164983,2.232152745,2.068035887,4.06556348,1.384635402,1.330927863,5.805653718,5.115647433,7.569404911,2.31985599,1.800434195,2.020988682,1.077820501,1.540890332,1.364573907,0.888830873,Neutral
4.095681366,2.612723703,1.490130822,0.906544369,0.942190322,3.989417836,4.187783556,1.656364331,1.076184563,0.76039602,1.26942265,4.097920062,4.663942943,0.899465621,1.250171198,5.395576264,3.559886547,4.823463394,1.395139404,1.393249386,2.284873787,1.481886443,0.950670927,1.480172654,0.800315916,Neutral
14.67547068,2.494809692,1.935385616,1.07092251,1.145672669,14.69979319,3.243901871,2.450428515,1.129831726,0.742923285,1.098619952,2.762374215,3.078863702,1.368605386,1.538445522,5.687249248,1.73410892,3.633467991,1.402351758,1.276389666,3.187345635,1.604823014,2.29753027,1.021696208,0.811749794,Neutral
10.65755469,2.573153843,4.97969705,1.598976003,1.019813739,10.75515013,4.05625438,5.32313017,1.575301732,0.87667157,0.733819999,1.764550069,1.83647314,2.075592106,1.464901051,4.097009971,1.459873122,3.481258075,1.870977497,1.314995797,3.426367229,1.351509767,3.621717138,1.224952058,0.992621343,Neutral
3.321409947,2.414087068,4.040099611,1.484378422,0.821075753,3.660560704,3.198514387,4.468799992,1.503395401,0.902328154,0.58544272,1.891726987,2.102176532,1.847385239,1.496188954,2.845821687,3.953459104,4.92747731,1.869941792,1.509120822,2.016484451,1.520402281,2.608035733,1.430999692,1.028663955,Neutral
2.3200597,3.704648489,1.679249847,1.731551066,0.643990044,2.974611093,4.583520332,2.56025305,1.223542578,0.640090801,0.807713364,1.761790007,1.982394827,1.495080646,1.213677823,3.195805859,6.342575153,2.202892468,1.530693354,0.964696791,1.915180544,1.302611433,2.955545258,1.320735557,1.029670079,Neutral
2.89901611,3.957162774,1.93559143,1.597481888,0.749560909,2.194045882,4.180784108,2.057856309,0.757894945,0.641323548,0.828020752,1.719742946,2.667729555,1.301621676,0.969064204,4.255417523,3.58701927,1.462786585,1.116382223,0.832410789,177.8223463,38.10868796,7.273882382,2.516620729,1.706419967,Neutral
3.285268319,2.867155192,1.330071623,1.032084812,0.959535276,1.968781663,3.219508576,1.354818232,0.546525529,0.753158538,0.683692997,2.843122392,2.824275756,1.078504275,0.919882173,3.254517987,5.909921909,2.282628737,0.838471004,1.136696024,700.228978,115.2923087,6.608459361,4.016858568,3.00700497,Neutral
3.007880601,2.438947171,2.099425075,1.801089905,1.039957193,2.736527482,2.45062891,2.145653824,1.140402082,0.863909666,1.137052542,2.320527254,2.409090022,0.975146575,0.909073019,1.642587361,6.242224788,3.033951716,1.404736246,1.290451593,239.7103547,35.25439142,1.990220729,1.523771301,1.642790914,Neutral
3.082840842,2.592699044,2.176059304,1.819304097,1.24326199,2.203825479,2.8248143,2.183410975,1.632706068,0.877058114,2.127523428,1.990243744,2.002730612,0.916605904,1.168925075,3.470842684,3.893063458,2.777883234,1.873946635,1.472787957,5.395290725,2.198386014,1.683872102,1.011959927,0.996598046,Neutral
3.805632225,2.507685845,2.18537917,1.763378892,1.409772171,2.93347808,2.846929682,1.849653682,1.986320107,1.349519048,1.968932155,2.03177309,3.416957666,0.994161176,1.333248442,2.331637021,2.019105184,1.79580275,2.702733969,1.977801191,1.315122092,0.992205027,1.252904269,1.023173972,0.962553516,Neutral
9.139724569,1.962537291,2.782350291,1.922736588,1.73226199,12.70444426,2.716102138,2.747083108,2.52785517,1.435826291,2.64279419,1.927982578,2.749490882,1.832934272,1.716690498,1.533073693,1.791157986,2.050262833,2.281729302,1.672634636,1.849880687,0.945266003,1.126864018,0.910135264,1.241364614,Neutral
22.79926729,2.613525498,2.504909949,1.343608054,1.33669481,33.59653163,3.411725949,2.971061331,1.444151654,0.92806557,1.192770425,1.59490021,1.797807348,1.392904086,1.373727582,2.155935507,1.43576855,1.727968042,1.490870943,1.343165163,1.408779044,1.449422825,2.054234789,1.112543119,1.145837215,Neutral
8.461759403,2.247049268,3.421752625,1.530487186,1.184448042,11.78033087,3.034563559,3.831585032,1.474553899,0.764092142,0.790011322,0.754880722,2.268268603,1.335042029,1.358214073,4.171048351,2.146679992,3.265266567,2.079202403,0.961141162,2.162220163,1.406657368,2.531255697,1.470970179,0.77473919,Neutral
1.941793809,0.795731179,3.329543746,2.153526606,1.457896952,2.391143321,1.366763434,4.004170007,1.716094856,0.781904042,0.988595676,1.527532972,3.998208006,1.393647824,1.652002067,3.318800358,2.596300248,4.253190282,2.342388232,1.024797253,1.351441147,1.315604063,2.002015436,1.008102816,0.977614205,Neutral
2.56105119,1.934338337,2.56218926,2.003462202,1.008176212,1.999103206,1.684765635,3.219613234,1.327923718,0.588204041,1.702664256,2.159225071,2.583166995,0.754890029,1.208683724,3.010290829,4.743121708,3.996287435,1.824935379,0.854534723,1.622325295,1.473982829,1.219703315,0.793135229,0.906768818,Neutral
4.217085512,4.746576076,3.694372256,1.527459377,1.02684078,4.136568691,2.877480374,3.902475552,0.984206482,0.72057306,2.063047751,2.719342187,4.030725414,0.568618176,1.27432296,4.664770749,7.747348926,4.732639791,1.655404676,1.136990322,2.254560682,1.916580471,1.175824006,0.95394771,0.770091519,Neutral
3.985700198,5.527079823,2.3263654,1.466553963,1.086357323,2.985352837,4.3081797,2.478432684,1.093191644,0.840337744,1.526232435,3.294986309,4.100894731,0.916263374,1.783918322,3.049758216,7.389105284,3.667063698,1.411576631,1.164404138,2.444504961,1.708353259,0.929980304,1.127022467,1.196018585,Neutral
4.273882341,4.350140922,1.852166596,1.214267378,1.070488054,1.297869441,4.555780816,2.126287709,1.304246197,0.847003716,1.763645002,2.985559355,3.071782951,1.760278735,1.59988406,1.542562664,6.065640369,2.216904067,1.201032703,1.317279159,2.922352511,1.032428662,0.755891152,0.994399847,1.245040542,Neutral
7.561557503,4.716592457,2.177224176,1.726619691,1.282316866,8.486107642,5.459866481,2.750097478,1.576012043,0.857196895,2.069885258,1.881488507,3.305788672,1.641495052,1.281678621,1.468283804,2.719070512,2.882728497,1.613523736,1.543066108,2.803958573,1.140163866,1.000163811,1.073336061,1.211739865,Neutral
28.30367048,4.767187499,1.348229709,2.039833763,1.249426205,41.06636794,5.822536278,1.586355529,1.563425488,0.931674257,1.482884774,1.357571032,1.277157809,1.315555606,1.359790367,1.957114997,2.739348782,1.652411799,2.286959336,1.366997371,2.005143325,1.510641771,1.346074472,0.911008517,1.150394942,Neutral
14.90113372,2.5409323,2.177420449,1.373922218,2.127876514,21.06507753,2.141341554,1.194620235,1.026890904,1.877076994,0.853106746,1.869157393,2.370778414,1.21824587,2.285003769,1.67294255,2.67649035,1.608193205,1.679506761,2.044319324,0.977044537,1.68132598,1.998709205,0.919314821,1.293098793,Neutral
5.197022414,2.925818165,3.893005013,1.259760862,2.232294036,8.222518442,2.138087988,2.480844103,1.43574272,2.091034121,3.285998969,3.711414454,3.123515945,1.536521037,3.003328163,4.138969126,2.291918266,2.712150001,1.355918574,2.261208554,1.986585158,2.257484787,1.670464777,0.923988451,1.406002597,Neutral
3.613373284,2.446049659,3.80862868,1.508004076,1.837990373,4.626969448,1.843467628,2.519784814,1.603017529,2.125039087,4.881776449,3.949089837,2.290671482,1.594919548,2.710064833,4.482522982,3.839927379,4.531542197,1.328456176,2.370155958,2.03438744,1.653409943,1.727529101,1.304067427,1.358705776,Neutral
1.458296198,1.763356606,2.928634144,1.152402694,1.159061368,1.532043849,1.538697002,2.141264574,0.875060207,1.108902602,3.232769282,1.914254243,2.098346559,1.078686545,1.979235143,0.978431719,3.521798021,3.077985683,1.166897966,1.285443223,1.660562914,1.222735689,3.337335998,0.905249077,0.834620156,Neutral
2.135864967,2.335317583,3.934420202,1.36703284,1.107052922,1.790760095,1.673884963,3.489062376,1.36261976,0.898392375,1.871923404,2.259830478,2.475606736,1.293887882,1.965098036,0.858428171,3.285298084,3.215833747,2.447091303,1.063737045,1.450668622,1.506083692,3.746234646,0.928508571,1.058073351,Neutral
4.160746716,2.468570792,4.235218332,1.554070299,1.152176581,2.372385304,1.712660413,4.052166687,1.401185815,0.915139862,1.366705304,2.277358184,3.105059012,2.174575606,1.738908636,0.90912475,2.19286766,3.55212665,2.308748336,1.128642995,1.336625661,1.67621507,2.446456989,1.180616479,1.324056201,Neutral
13.53726088,3.385004913,6.087263462,0.913223854,1.432246449,11.6683948,1.789662482,4.810937813,0.946910472,1.084106418,2.988024524,3.073937986,3.818887598,2.517931808,1.332147422,1.173750713,2.025530361,3.339901378,1.375609679,1.42633315,2.946751374,1.246368138,1.705339433,1.417134785,1.401637892,Neutral
88.99729304,30.71646651,15.9823167,7.813577462,2.865543049,90.03695445,29.57070857,16.7184072,8.173728428,2.97402344,88.33615943,31.39903237,17.25376903,9.570406858,4.865743542,84.47696225,28.46926809,15.32977182,7.373704202,2.401636647,91.21547456,33.46861032,18.90326308,52.84238463,20.0813132,Neutral
5.553621841,1.834771683,1.619405079,0.594002059,0.511135617,5.6662982,1.779182303,1.449915869,0.828346001,0.362773628,1.059737287,0.605760437,0.382029459,0.91553803,0.650800278,1.458917495,0.85365127,0.669188593,0.749060817,0.542753004,1.203178507,3.100901862,1.349749802,42.89154974,16.52017706,Neutral
104.0885169,37.77343588,24.71693458,16.3782588,12.36705526,95.9377452,31.93685441,17.93507222,7.995880535,3.231062155,90.56907174,31.10907765,14.74537008,6.962540291,2.530126301,96.13974415,35.93641276,20.54690559,13.51352467,9.467099641,89.79096354,36.51050416,23.19474314,15.41974209,12.21481089,Neutral
1.820807048,1.409324163,1.26897221,0.718200723,0.50420016,1.593755298,0.807637692,1.247341481,0.761204777,0.536936315,0.595282991,1.252734314,1.202471419,0.612268436,0.88746821,1.128724456,0.711674591,0.88277346,0.545115606,0.360688621,0.519038403,0.600462962,0.415111246,1.91002668,2.144026441,Neutral
2.007784329,1.462601082,0.689202866,0.640476921,0.629835959,0.957123496,1.080096155,0.74245824,0.6774047,0.451718169,1.719924602,0.895804469,1.045219751,0.488446542,0.848919893,2.127582275,0.698398308,0.817067859,0.650631752,0.377269982,0.756015837,0.753110408,0.49394534,2.896151925,1.991916091,Neutral
2.124767271,1.301150941,1.107991353,0.905232862,0.389323287,1.102621657,1.675699333,1.029068017,0.766770082,0.363483532,2.027277054,1.451098017,0.57174442,0.524597313,0.610921077,2.465412233,1.459403318,0.727104296,0.752919973,0.438389557,0.62415178,0.446877961,0.578277535,3.349116642,2.427830202,Neutral
3.49378344,1.828951794,1.551261218,1.118360418,0.42871791,3.598857513,1.440667222,1.171793799,1.041674314,0.452699263,2.592479569,2.0887393,0.518586424,0.695729456,0.831889443,3.79255552,1.521831154,0.882293917,1.417096403,0.70480281,0.824427274,0.278913646,0.455777311,6.619122538,3.949510654,Neutral
4.425259077,1.786825746,1.769739382,0.909273387,0.550013329,2.816554478,1.192959277,1.8319232,0.861188844,0.663156169,1.613626366,0.724927989,0.579115116,0.842970386,0.961537652,2.790176247,1.664101733,1.8236803,1.331496272,0.899294043,0.669639192,0.3176049,0.577024585,17.57694088,8.992256207,Neutral
5.84555804,3.056372266,1.611940667,0.828880559,0.53098503,4.038636292,3.150834871,2.012764762,0.635751565,0.65807028,0.987060848,0.328666191,1.134631442,0.817288714,0.863942552,2.908653754,3.490949233,1.737188059,1.022172115,0.820977527,0.634726497,1.020981449,1.40860018,35.67898427,14.53957112,Neutral
9.19677501,2.925342088,0.918233795,0.678724043,0.566859524,10.44941491,3.092560572,1.219098015,0.697909575,0.544393612,1.173074951,1.004836445,2.280250769,0.577298436,1.271711327,3.402944802,2.956254878,0.966859902,0.952685908,0.600462124,0.431502654,1.091034513,1.353842235,44.96033092,17.10909658,Neutral
15.28904076,2.349718662,1.178052693,1.304473558,0.5850566,18.73587108,2.505292231,1.641642661,1.227894539,0.531657039,1.100753555,2.118933573,2.750042696,0.933792263,1.158579133,2.208073111,1.288180507,1.926047101,1.19473814,0.498522464,0.301593937,0.761330252,1.329495668,45.4244679,18.85642375,Neutral
13.13082473,4.407188226,2.928896342,1.34480004,0.665880906,14.04217366,3.817212681,3.170136077,1.279670817,0.625708377,1.912194315,2.194107846,3.18308839,0.926530422,0.819851839,2.687746413,1.730565288,2.356115472,1.579000102,0.592120907,0.922933522,1.900694701,2.095301327,39.18916411,18.51500275,Neutral
12.45798761,6.095571871,6.006236446,1.974296118,0.81027332,13.45487283,4.9538803,5.893825925,1.528673943,0.680500684,2.751756238,2.053636717,2.854083457,1.635152212,0.928271002,7.377006506,2.632489329,3.707311714,1.72248642,0.776205393,1.539160677,1.665200614,2.445688204,19.82196174,12.74922083,Neutral
21.59440527,6.189313625,5.451232117,1.838157838,0.889351731,21.82844642,5.192457153,5.70257147,1.370234296,0.815435295,13.88807828,5.965115939,3.85047432,1.770531147,0.834758359,20.86046578,2.68296615,4.118462336,1.340510535,0.993845283,2.712072162,0.886840386,2.529449715,4.918063819,6.653724535,Neutral
34.65871297,7.523712581,3.41035884,2.237095482,1.486654395,34.74360098,6.6438337,4.832565975,1.584376148,1.511712202,26.71257661,9.6135048,6.399248292,1.927403219,1.11777604,29.40250323,3.985649145,4.474278095,1.323703583,1.364605232,2.801503803,1.194882775,4.147008646,4.354297376,6.506348891,Neutral
18.82107442,4.798386003,3.990768194,2.12064156,0.985853144,15.60127234,4.661925749,4.599518517,1.822011079,1.264600678,12.20925129,2.776761157,2.703467244,1.236784887,0.954220394,17.35800054,3.637481616,4.129530612,2.107806297,1.076913563,2.073907442,0.87185862,1.608237531,11.5280789,6.733728367,Neutral
5.951817459,2.6714265,1.522879719,1.901863389,0.646605805,4.730079881,2.929087157,1.321116889,1.791149957,0.735505755,4.542868933,1.089797357,1.083821448,1.13340414,0.806944951,4.033403855,2.160328784,2.27531332,2.217240124,0.7205545,1.701899981,1.037735878,1.032868965,12.14086955,6.007374483,Neutral
10.34800902,5.776817576,1.795507599,1.145623035,0.751625509,9.33794291,5.790685461,1.712623906,1.66350826,0.56270434,3.036513476,1.03526428,0.660721265,0.972670907,0.91827973,6.794617127,1.82122781,2.459629073,1.775192315,0.890012368,1.21968879,1.312327592,1.770951552,6.811922121,4.802075495,Neutral
10.34800902,5.776817576,1.795507599,1.145623035,0.751625509,9.33794291,5.790685461,1.712623906,1.66350826,0.56270434,3.036513476,1.03526428,0.660721265,0.972670907,0.91827973,6.794617127,1.82122781,2.459629073,1.775192315,0.890012368,1.21968879,1.312327592,1.770951552,6.811922121,4.802075495,Neutral
8.732855015,4.053646509,2.399949159,1.118641332,0.604200823,9.030471881,3.713475682,2.279222665,1.728662837,0.473899531,2.149724728,1.165147603,0.978653344,0.708416999,1.017349813,5.394569794,1.523704855,2.029638334,1.572470904,1.269071927,1.157150709,0.942068524,2.011349869,5.048005847,5.346729734,Neutral
4.561779827,1.550928061,1.686185921,1.015586735,0.488547738,4.942673643,1.588999303,1.706094257,0.855072754,0.432930908,1.782243999,0.778334032,1.441318948,0.516613306,0.987944912,2.892493942,1.405969728,1.828242648,0.98293662,0.994426118,1.288488261,1.347461749,2.469998671,8.792662598,5.467542411,Neutral
3.979601408,2.221924167,0.840035071,0.904627932,0.456389139,4.305290212,1.887820406,0.924735328,0.88518179,0.470389561,1.591779414,0.580287664,0.737177529,0.664001584,1.107514358,3.729711141,1.177153393,1.339525129,1.290689868,0.801112335,0.959161241,1.249579183,2.090020934,9.445068189,4.400091536,Neutral
7.09717664,6.936953999,1.219857703,1.200289067,0.508150112,7.67779893,7.312239387,0.724267063,1.364372547,0.473105433,1.568924591,2.533052949,0.522481557,0.684182389,0.899164312,6.836160909,1.442861648,1.444126429,1.815681508,0.739204273,1.689387831,0.908950477,1.539721501,9.933756901,5.80442312,Neutral
12.40940187,5.021281535,1.451158531,0.9590036,0.630796306,11.20281818,6.267734052,0.848310856,0.855080489,0.475251672,0.707692965,2.104527979,0.624798768,0.573927404,0.929443093,4.019596663,1.491327193,1.191305327,1.034848999,0.939490466,1.518653283,0.803747436,2.281243999,12.2541158,6.97837933,Neutral
5.729801394,1.680599767,1.886904214,1.14936827,0.510674245,4.650174391,1.326836562,1.935452447,1.152409523,0.468092731,0.656795525,1.451975911,0.988950497,0.782863943,0.802873093,2.697780021,1.279745268,0.74968517,1.134726129,0.682808895,0.302769585,0.663810522,3.603468725,7.733406307,5.338527018,Neutral
4.072567954,0.778828676,2.765894274,1.434793415,0.452601647,4.173697785,0.635590468,3.19726973,1.245231162,0.557488062,1.775015527,2.31932521,1.611067302,0.602836129,0.597154167,1.787852074,1.662974774,1.449452161,1.330296105,0.591018604,1.293095718,0.420587333,2.01789623,5.818364202,4.640774538,Neutral
4.109601594,0.819807132,2.060086883,1.158474429,0.583074827,3.504563104,0.922945412,2.805783514,1.105489647,0.622822174,2.680961972,2.003022665,1.208793844,0.573232244,0.762089986,2.056609099,1.172759556,2.97769474,1.959624829,0.735434619,1.737673455,0.752517863,0.580234148,8.636762777,4.774439995,Neutral
3.317954171,1.573619263,1.434095237,0.82284028,0.533880146,2.442784331,1.941505664,2.58764737,1.240611767,0.394013516,2.90531319,1.479026953,1.456985299,1.049262318,0.827072389,3.674047989,1.542137682,3.399095933,2.378815457,0.57900561,0.701882062,0.732404749,1.023641505,6.908432213,6.718693664,Neutral
11.28312443,2.770350493,0.976728727,0.828008444,0.352127248,11.35932215,2.548524521,1.622577609,0.944312223,0.436234454,2.297838128,1.347301301,2.328550455,1.067414719,0.736628292,4.018095995,2.339193712,2.126098195,2.020683908,0.563178725,0.768839057,0.754838331,1.310948447,12.17009087,11.08296876,Neutral
29.49950032,6.688003157,1.706281975,1.427520759,0.48474372,36.86892883,7.094359012,2.321634102,1.413743989,0.606526063,1.189489948,1.8205143,2.026844743,1.161486076,0.902553577,7.706595935,4.137707991,3.211466699,2.331896642,0.725981652,0.525248352,0.587095881,1.033135887,17.8226748,12.42891918,Neutral
13.54930261,11.96271597,2.764358433,2.221192644,1.265385013,17.08184017,11.52173021,3.551703492,2.433284491,1.229672369,1.237459427,5.239125374,1.296636107,1.647884181,1.504356163,5.689912694,10.3295598,3.11052773,2.322403447,1.499369748,0.728029087,0.69289909,0.739214008,14.73692772,9.881112712,Neutral
11.03817181,17.28749429,2.678213198,3.488366818,2.321689616,13.28581608,17.72293854,2.817001724,3.496504944,2.022087545,1.336067804,4.812373161,1.397512398,1.738543275,2.012332488,4.625228325,12.76532488,2.39333919,3.491650589,2.510284011,1.863960274,0.822457768,0.721404519,8.630744637,7.696766092,Neutral
30.42580244,10.3059091,5.502627984,2.733328487,2.70335512,42.4784749,10.55028402,5.446764376,3.119958188,2.232734504,1.890496946,2.677618658,2.169245051,1.863987366,2.01001206,14.06113564,8.837571273,10.32462107,4.044509743,3.475291812,1.681635816,1.254691129,1.831448269,8.177258129,8.098569114,Neutral
30.12342164,7.695097377,14.4422796,1.942955858,2.24783253,41.23369424,7.756215068,13.42381657,2.382019807,2.126460544,4.112935744,1.236002637,4.534857217,1.886304341,1.609649458,31.30008039,6.782713428,23.33887054,3.740354461,5.584786838,0.91724208,1.840481314,2.755643606,5.272437264,6.789977657,Neutral
31.85640868,5.716441758,7.958195248,1.728341397,1.354866399,53.61220195,5.268202062,8.000479402,1.627244786,1.324075097,2.365863672,2.353140391,2.982920726,2.144256588,1.419567549,9.431865457,5.791410784,10.68474464,1.568503788,3.719324408,1.40105144,1.361523303,2.888666989,4.531044383,7.078451737,Neutral
23.95381685,5.961078498,2.246335096,2.119094492,0.990334851,42.10372098,8.161569148,2.91721,1.792207286,0.898641695,2.167165396,3.368965171,1.797375557,2.063125938,1.295475244,3.809097226,12.70239395,3.647957191,1.764441766,1.695094124,1.065847582,1.918385161,2.341292984,4.867402072,6.734605366,Neutral
6.089545705,7.41724956,1.467464056,1.762042551,0.777190664,8.569289086,9.876274343,1.881790839,1.409458144,0.819030045,2.105884146,3.80726421,2.198698241,1.754062367,0.900886166,3.335290422,13.46317281,1.976114183,1.530651063,1.01895126,1.76575435,1.563477885,3.064288037,8.105353676,7.836559356,Neutral
2.457043276,2.890724573,1.367715237,1.030168632,0.546370704,3.419664249,2.5360681,1.15650805,1.059086751,0.475179184,0.714883879,1.918901314,1.275411292,0.857461297,0.734426961,2.77974829,3.084346329,1.417965758,0.769058452,0.854465045,24.81550026,12.672635,6.018923626,24.95191692,19.61929441,Neutral
3.622749078,1.922751698,1.353839247,0.789708025,0.840486703,3.283938011,2.479865176,1.259040148,0.778526982,0.388828094,0.660426712,1.080584709,0.791177381,0.779082589,1.1106486,4.489752469,2.744513987,1.153422176,0.5686038,1.268053497,67.8958483,27.47179634,9.783496329,50.20902585,38.0271224,Neutral
7.098735457,2.307455234,2.367404469,1.072564148,0.545666131,5.454047345,2.41522485,2.170789007,0.746727456,0.450189728,0.870997018,2.315539493,1.935131736,1.023894571,0.761862107,3.192324083,2.84462727,3.474278606,0.825091567,0.603388621,16.4857237,8.124659349,2.809721325,46.48318521,25.82914828,Neutral
13.9060511,2.747997744,2.877676379,0.936893941,0.461793383,15.3291065,3.21310441,2.788467394,0.907376074,0.471312788,1.388745688,2.412694258,1.210224919,1.331286086,0.674922665,2.093530486,3.369886052,5.101696584,0.942642924,0.428287666,0.739520996,2.332394455,1.301756345,46.56614717,20.95658654,Neutral
9.935433588,3.563270746,2.340210008,0.909211456,0.455590674,9.441815666,3.821424637,2.538274691,0.917896498,0.309304263,1.647889401,1.724406933,0.408722193,0.730391402,0.696002472,2.541335471,5.383772897,3.535377375,0.930943679,0.525852727,4.889008959,3.001543497,1.273887133,46.88470703,19.99667489,Neutral
2.104903213,3.288974795,2.252289672,1.254650342,0.397214866,1.959209138,3.795011863,2.446848381,0.971041939,0.288791377,1.219533096,2.22749809,0.739570661,0.732228309,0.786990736,1.951469289,5.842786519,1.150028214,1.18055787,0.648093549,9.443624351,4.344555661,2.031438203,53.14350331,20.11870047,Neutral
2.672551381,3.463341608,3.112521371,1.970810909,0.355536285,3.825217825,3.952038802,2.907448979,1.452699677,0.435754797,0.824873862,2.051051677,1.298105614,0.618943337,0.649315447,3.262220124,4.525362043,1.148926531,1.338888708,0.304537128,1.5571788,1.756842018,0.96198671,47.27241471,18.6113385,Neutral
4.993472959,3.803295592,1.705205951,1.461880708,0.567132439,6.001864992,3.854092529,1.48165231,1.278282424,0.544384951,1.050481731,1.220428039,1.257288843,0.565516659,0.89784681,3.793879664,4.810781801,1.899327037,1.090874489,0.380417365,0.294202376,1.067042447,0.78786513,42.1947951,18.94575058,Neutral
3.029176974,3.293175487,1.047136337,0.982210719,0.429011344,3.601785939,3.481750228,0.960536681,1.104222226,0.388658029,0.445015016,0.795190536,0.85082119,0.575153709,0.881341758,2.223468985,2.71547499,1.620117622,0.948316388,0.442156349,0.396545976,0.832589012,0.649634013,45.22430333,18.25720753,Neutral
14.09750678,6.531696159,1.797725341,0.878393919,0.487152272,17.45111739,7.810827378,1.653952476,1.03740577,0.331365358,1.148943455,1.076307059,0.732347971,0.608208385,0.587940108,2.60085266,2.400521401,1.001043726,1.120581492,0.366858615,0.443223321,2.300202863,0.905812627,45.26460298,18.93676757,Neutral
17.09056243,5.155380122,2.201507542,0.752334712,0.479918948,21.23958352,6.364892445,1.982660852,0.752318158,0.41428526,1.895810424,1.935261603,0.566076142,0.668046162,0.727547241,2.438305933,2.445269403,2.01974341,1.234826253,0.368197666,0.631177538,1.670576823,0.836522415,46.3382417,19.51409278,Neutral
3.825883976,3.161460414,2.00381762,0.700341302,0.388374616,4.120419456,3.145479766,2.055740662,0.659015417,0.380394031,1.519781588,1.86417242,0.971287175,0.537417558,0.706326385,1.950096928,2.261674953,2.53665947,0.937195102,0.42138389,0.589011285,0.787893552,0.826940414,44.65827502,19.50362705,Neutral
2.082583805,2.157147099,1.283022784,0.729860132,0.360810481,2.567894402,1.636482959,1.524924095,0.706289488,0.310671708,1.663702761,1.05661315,0.872562505,0.480155906,0.684675161,1.954873854,2.534005416,2.139008673,0.879085604,0.450944434,0.641508365,2.182403351,0.511859928,44.45208699,19.60755864,Neutral
2.330665877,1.765088298,0.690643774,0.673624496,0.328155469,4.843668921,1.871148456,0.811777108,0.833626484,0.33230023,1.414452419,1.148458496,0.52760716,0.673141576,0.701102732,2.206029706,2.477573196,1.356578464,0.812925125,0.434010147,1.104694627,1.714461683,0.466953286,43.62257406,19.56404879,Neutral
2.13558983,1.386180903,1.216046438,0.749233288,0.210763295,4.122164175,1.691264138,1.395177283,0.860763998,0.310900655,1.352192545,1.055721781,0.472235595,0.737866995,0.553136634,2.211412435,2.49137309,1.193436676,0.75200421,0.310213173,0.620021854,0.942659017,0.609585546,43.75612577,17.74355144,Neutral
1.480154614,1.415452137,1.811297532,0.702379582,0.258444251,2.053936127,1.517092764,1.924054686,0.715903812,0.30738957,1.031748528,0.69426362,0.525486177,0.694642733,0.485607443,0.89180215,2.129063761,1.572717547,0.737133703,0.234901443,0.172955014,0.904357814,0.766794942,46.11687211,18.13019318,Neutral
5.827498163,3.355305237,1.432246496,0.449956997,0.395896181,6.646644235,2.856346954,1.239634731,0.401026287,0.419367819,1.251999665,0.835825502,0.675017973,0.749937177,0.48403406,1.551258213,2.272983666,0.798416091,0.682884439,0.445603554,0.502038556,0.920369692,0.506366356,46.82440499,18.47201162,Neutral
24.11865393,6.603880129,0.781627451,0.406271339,0.468201073,28.0949203,6.414063975,0.663054944,0.467180296,0.287827918,1.566887024,1.419708888,0.863441824,0.56238712,0.494942183,2.859671915,4.990158147,1.478007189,0.642527404,0.386255983,0.75179534,1.02887444,0.534377023,48.94386962,19.94576499,Neutral
13.59858264,4.705419855,1.417572946,0.767268962,0.397912206,15.61631061,4.605428702,1.679999229,0.766218966,0.335588636,1.294521945,1.07152712,0.71362598,0.403485518,0.539833289,2.231509699,3.375505771,1.470236804,0.619041718,0.344114065,0.307794181,0.763088777,0.805431298,43.79129065,20.75202391,Neutral
2.837193253,2.311522821,3.232283792,1.041919946,0.41694148,4.636140689,2.470609899,3.783846881,1.044222864,0.337335449,1.472705746,0.957922599,0.933465682,0.490229356,0.374937096,3.858975203,2.342546339,1.781263652,0.666067644,0.404815304,0.380635255,1.070730404,0.731120907,47.08573285,19.13748424,Neutral
4.136880299,2.453223052,4.167813257,0.828716211,0.314938476,5.466743619,2.888212374,3.712858356,0.855601226,0.238735199,1.971108907,1.040314562,1.813196065,0.563265715,0.445024162,4.874646632,1.914183001,1.210069228,0.547394546,0.424964212,0.919205168,1.691220827,0.598493819,49.56875131,18.01400059,Neutral
